Date,6/22/2017,6/22/2017,6/22/2017,6/22/2017,6/22/2017,6/22/2017,6/22/2017,7/4/2017,7/4/2017,7/4/2017,7/4/2017,7/4/2017,7/4/2017,7/4/2017,6/27/2017,6/27/2017,6/27/2017,6/27/2017,6/27/2017,6/27/2017,6/27/2017,6/27/2017,6/27/2017,6/27/2017,6/21/2017,6/21/2017,6/21/2017,6/21/2017,6/21/2017,6/21/2017,6/21/2017,7/10/207,7/10/2017,7/10/2017,7/10/2017,7/10/2017,7/10/2017,6/21/2017,6/21/2017,6/21/2017,6/21/2017,6/21/2017,7/11/2017,7/11/2017,7/11/2017,7/5/2017,7/5/2017,7/5/2017,6/29/2017,6/29/2017,6/29/2017,6/29/2017,6/29/2017,6/29/2017,6/29/2017,6/30/2017,6/30/2017,6/30/2017,6/30/2017,6/30/2017,6/30/2017,6/30/2017,6/23/2017,6/23/2017,6/23/2017,6/23/2017,6/23/2017,6/23/2017,6/23/2017,6/23/2017,6/23/2017,6/23/2017,6/23/2017,6/23/2017,6/16/2017,6/16/2017,6/16/2017,6/16/2017,6/16/2017,6/16/2017,6/16/2017,6/19/2017,6/19/2017,6/19/2017,6/19/2017,6/19/2017,6/19/2017,7/3/2017,,,,,,,7/3/2017,,,,,,,7/20/2017,7/20/2017,7/20/2017,7/20/2017,7/20/2017,7/20/2017,7/20/2017,6/20/2017,6/20/2017,6/20/2017,6/20/2017,6/20/2017,6/20/2017,6/20/2017,6/19/2017,6/19/2017,6/19/2017,6/19/2017,6/19/2017,6/19/2017,6/19/2017,7/6/2017,7/6/2017,7/6/2017,7/6/2017,7/6/2017,7/6/2017,7/6/2017,7/10/2017,,,,,,,7/6/2017,7/6/2017,7/6/2017,7/6/2017,7/6/2017,7/6/2017,7/6/2017,5/25/2017,,,,,,,5/22/2017,5/22/2017,5/22/2017,5/22/2017,5/22/2017,5/22/2017,5/22/2017,5/23/2017,5/23/2017,5/23/2017,5/23/2017,5/23/2017,5/23/2017,6/9/2017,6/9/2017,6/9/2017,6/9/2017,6/9/2017,6/9/2017,6/9/2017,6/9/2017,6/9/2017,6/9/2017,6/9/2017,6/9/2017,6/9/2017,5/30/2017,5/30/2017,5/30/2017,5/30/2017,5/30/2017,5/29/2017,5/28/2017,5/28/2017,5/28/2017,5/28/2017,5/28/2017,5/28/2017,5/28/2017,6/8/2017,6/8/2017,6/8/2017,6/8/2017,6/8/2017,6/8/2017,6/8/2017,5/18/2017,5/18/2017,5/18/2017,5/18/2017,5/18/2017,5/18/2017,5/18/2017,5/18/2017,5/18/2017,5/18/2017,5/18/2017,5/18/2017,,,,,,,,,,,,,,,,,,,,,,,,,,,,,5/17/2017,5/17/2017,5/17/2017,,5/17/2017,5/17/2017,5/17/2017,5/31/2017,,,,,,,6/7/2017,,,,,,,6/7/2017,,,,,,,6/12/2017,6/12/2017,6/12/2017,6/12/2017,6/12/2017,6/12/2017,6/12/2017,6/14/2017,,,,,,,5/19/2017,5/19/2017,5/19/2017,5/19/2017,5/19/2017,5/19/2017,5/19/2017,5/19/2017,5/19/2017,5/19/2017,5/19/2017,5/19/2017,5/19/2017,5/19/2017,6/6/2017,,,,,,,5/30/2017,,,,,,,6/14/2017,,,,,,,6/13/2017,,,,,,,5/27/2017,,,,,,,5/24/2017,,,,,,,6/1/2017,,,,,,,5/28/2017,5/28/2017,5/28/2017,5/28/2017,5/28/2017,5/28/2017,5/28/2017,6/1/2017,,,,,,
Site,Babcock,Babcock,Babcock,Babcock,Babcock,Babcock,Babcock,Beaver Brook Large,Beaver Brook Large,Beaver Brook Large,Beaver Brook Large,Beaver Brook Small,Beaver Brook Small,Beaver Brook Small,Bishop Swamp Md,Bishop Swamp Md,Bishop Swamp Md,Bishop Swamp Md,Bishop Swamp Md,Bishop Swamp Md,Bishop Swamp Md,Bishop Swamp Sm,Bishop Swamp Sm,Bishop Swamp Sm,Cockaponset,Cockaponset,Cockaponset,Cockaponset,Cockaponset,Cockaponset,Cockaponset,Fenton,Fenton,Fenton,Fenton,Fenton,Fenton,Hubbard,Hubbard,Hubbard,Hubbard,Hubbard,Meshomasic Trail Lg,Meshomasic Trail Lg,Meshomasic Trail Lg,Millers Pd,Millers Pd,Millers Pd,Natchaug Moon,Natchaug,Natchaug Moon,Natchaug Moon,Natchaug Moon,Natchaug Moon,Natchaug Moon,Natchaug Summer,Natchaug Summer,Natchaug Summer,Natchaug Summer,Natchaug Summer,Natchaug Summer,Natchaug Summer,Nye Holman Md,Nye Holmand Md,Nye Holman Md,Nye Holdman Md,Nye Holman Md,Nye Holman Md,Nye Holman Md,Nye Holman Sm,Nye Holman Sm,Nye Holman Sm,Nye Holman Sm,Nye Holman Sm,Rockville Md,Rockville Md,Rockville Md,Rockville Md,Rockville Md,Rockville Md,Rockville Md,Rockville Sm,Rockville Sm,Rockville Sm,Rockville Sm,Rockville Sm,Rockville Sm,Salmon Lg,Salmon Lg,Salmon Lg,Salmon Lg,Salmon Lg,Salmon Lg,Salmon Lg,Salmon Sm,Salmon Sm,Salmon Sm,Salmon Sm,Salmon Sm,Salmon Sm,Salmon Sm,Salt Rock,Salt Rock,Salt Rock,Salt Rock,Salt Rock,Salt Rock,Salt Rock,Sleeping Giant,Sleeping Giant,Sleeping Giant,Sleeping Giant,Sleeping Giant,Sleeping Giant,Sleeping Giant,Valley Falls,Valley Falls,Valley Falls,Valley Falls,Valley Falls,Valley Falls,Valley Falls,Wadsworth,Wadsworth,Wadsworth,Wadsworth,Wadsworth,Wadsworth,Wadsworth,Whetton Woods,Whetton Woods,Whetton Woods,Whetton Woods,Whetton Woods,Whetton Woods,Whetton Woods,Wilbert Snow,Wilbert Snow,Wilbert Snow,Wilbert Snow,Wilbert Snow,Wilbert Snow,Wilbert Snow,Babcock,Babcock,Babcock,Babcock,Babcock,Babcock,Babcock,Beaver Brook Lg,Beaver Brook Lg,Beaver Brook Lg,Beaver Brook Lg,Beaver Brook Lg,Beaver Brook Lg,Beaver Brook Lg,Beaver Brook Sml,Beaver Brook Sml,Beaver Brook Sml,Beaver Brook Sml,Beaver Brook Sml,Beaver Brook Sml,Bishop Swamp Md,Bishop Swamp Md,Bishop Swamp Md,Bishop Swamp Md,Bishop Swamp Md,Bishop Swamp Md,Bishop Swamp Md,Bishop Swamp Sml,Bishop Swamp Sml,Bishop Swamp Sml,Bishop Swamp Sml,Bishop Swamp Sml,Bishop Swamp Sml,Choate,Choate,Choate,Choate,Choate,Cockaponset,Fenton,Fenton,Fenton,Fenton,Fenton,Fenton,Fenton,Gay City,Gay City,Gay City,Gay City,Gay City,Gay City,Gay City,Goodale Hill Md,Goodale Hill Md,Goodale Hill Md,Goodale Hill Md,Goodale Hill Md,Goodale Hill Sml,Goodale Hill Sml,Goodale Hill Sml,Goodale Hill Sml,Goodale Hill Sml,Goodale Hill Sml,Goodale Hill Sml,Hubbard,Hubbard,Hubbard,Hubbard,Hubbard,Hubbard,Hubbard,Lee,Lee,Lee,Lee,Lee,Lee,Lee,Mahegan,Mahegan,Mahegan,Mahegan,Mahegan,Mahegan,Mahegan,Mahoney Pond,Mahoney Pond,Mahoney Pond,Mahoney Pond,Mahoney Pond,Mahoney Pond,Mahoney Pond,Meshomasic Trail,Meshomasic Trail,Meshomasic Trail,Meshomasic Trail,Meshomasic Trail,Meshomasic Trail,Meshomasic Trail,Millers Pond,Millers Pond,Millers Pond,Millers Pond,Millers Pond,Millers Pond,Millers Pond,Natchaug Moon ,Natchaug Moon ,Natchaug Moon ,Natchaug Moon ,Natchaug Moon ,Natchaug Moon ,Natchaug Moon ,Natchaug Summer,Natchaug Summer,Natchaug Summer,Natchaug Summer,Natchaug Summer,Natchaug Summer,Natchaug Summer,Nathan Hale,Nathan Hale,Nathan Hale,Nathan Hale,Nathan Hale,Nathan Hale,Nathan Hale,Rockville Sm,Rockville Sm,Rockville Sm,Rockville Sm,Rockville Sm,Rockville Sm,Rockville Sm,Salmon Lg,Salmon Lg,Salmon Lg,Salmon Lg,Salmon Lg,Salmon Lg,Salmon Lg,Salmon Sm,Salmon Sm,Salmon Sm,Salmon Sm,Salmon Sm,Salmon Sm,Salmon Sm,Salt Rock,Salt Rock,Salt Rock,Salt Rock,Salt Rock,Salt Rock,Salt Rock,Sleeping Giant,Sleeping Giant,Sleeping Giant,Sleeping Giant,Sleeping Giant,Sleeping Giant,Sleeping Giant,Valley Falls,Valley Falls,Valley Falls,Valley Falls,Valley Falls,Valley Falls,Valley Falls,Rockville Md,Rockville Md,Rockville Md,Rockville Md,Rockville Md,Rockville Md,Rockville Md,Nye Holman Small,Nye Holman Small,Nye Holman Small,Nye Holman Small,Nye Holman Small,Nye Holman Small,Nye Holman Small,Nye Holman Md,Nye Holman Md,Nye Holman Md,Nye Holman Md,Nye Holman Md,Nye Holman Md,Nye Holman Md,Wadsworth,Wadsworth,Wadsworth,Wadsworth,Wadsworth,Wadsworth,Wadsworth,Whetten Woods,Whetten Woods,Whetten Woods,Whetten Woods,Whetten Woods,Whetten Woods,Whetten Woods,Wilbert Snow,Wilbert Snow,Wilbert Snow,Wilbert Snow,Wilbert Snow,Wilbert Snow,Wilbert Snow
Point No.,1,8,9,10,11,12,13,8,9,11,12,8,9,11,1,8,9,10,11,12,13,1,8,9,1,8,9,10,11,12,13,1,8,9,10,12,13,1,8,9,11,12,1,9,10,1,9,12,1,8,9,10,11,12,13,1,8,9,10,11,12,13,1,8,9,10,11,12,13,1,9,10,12,13,1,8,9,10,11,12,13,1,8,9,10,11,13,1,8,9,10,11,12,13,1,8,9,10,11,12,13,1,8,9,10,11,12,13,1,8,9,10,11,12,13,1,8,9,10,11,12,13,1,8,9,10,11,12,13,1,8,9,10,11,12,13,1,8,9,10,11,12,13,1,8,9,10,11,12,13,1,8,9,10,11,12,13,1,8,9,10,11,13,1,8,9,10,11,12,13,1,8,9,10,12,13,1,8,9,10,12,1,1,8,9,10,11,12,13,1,8,9,10,11,12,13,1,8,9,11,12,1,8,9,10,11,12,13,1,8,9,10,11,12,13,1,8,9,10,11,12,13,1,8,9,10,11,12,13,1,8,9,10,11,12,13,1,8,9,10,11,12,13,1,8,9,10,11,12,13,1,8,9,10,11,12,13,1,8,9,10,11,12,13,1,8,9,10,11,12,13,1,8,9,10,11,12,13,1,8,9,10,11,12,13,1,8,9,10,11,12,13,1,8,9,10,11,12,13,1,8,9,10,11,12,13,1,8,9,10,11,12,13,1,8,9,10,11,12,13,1,8,9,10,11,12,13,1,8,9,10,11,12,13,1,8,9,10,11,12,13,1,8,9,10,11,12,13,1,8,9,10,11,12,13
Start Time (in 0:00.0),00:06.0,00:05.5,00:08.0,00:06.0,00:05.5,00:05.5,00:06.0,00:05.5,00:05.0,00:07.0,00:05.5,00:05.5,00:06.0,00:06.0,00:06.0,00:06.0,00:08.5,00:07.5,00:07.5,00:05.5,00:06.0,00:05.5,00:07.5,00:05.5,00:06.5,00:06.0,00:06.0,00:12.5,00:07.0,00:08.0,00:07.5,00:05.0,00:05.5,00:05.5,00:05.0,00:05.0,00:05.0,00:07.0,00:06.5,00:06.0,00:06.0,00:05.0,00:09.5,00:06.0,00:05.5,00:06.0,00:05.5,00:06.5,00:07.5,00:06.0,00:12.0,00:08.0,00:06.0,00:05.5,00:06.0,00:07.0,00:05.0,00:12.0,00:05.5,00:06.0,00:06.5,00:07.5,00:07.0,00:07.0,00:05.5,00:05.0,00:06.0,00:06.0,00:07.0,00:06.0,00:06.0,00:06.0,00:06.0,00:05.0,00:08.0,00:04.5,00:05.0,00:05.5,00:05.5,00:07.0,00:05.5,00:05.0,00:05.5,00:05.0,00:06.5,00:05.5,00:07.0,00:06.0,,,,,,,00:05.5,,,,,,,00:08.5,00:06.5,00:06.0,00:07.0,00:08.5,00:07.5,00:06.0,00:05.5,0:05.0,0:05.5,0:05.0,0:06.0,00:05.0,00:06.5,00:04.0,00:05.5,00:06.5,00:06.5,00:05.5,00:04.5,00:05.0,00:05.0,00:04.5,00:04.5,00:04.5,00:05.5,00:04.5,00:06.0,00:06.0,,,,,,,00:06.0,00:05.0,00:06.0,00:05.5,00:04.5,00:05.0,00:05.5,00:04.0,,,,,,,00:05.0,00:05.0,00:06.0,00:06.5,00:06.0,00:06.0,00:06.0,00:06.0,0:06.0,0:06.0,0:07.0,0:06.0,0:06.0,00:06.0,0:06.0,0:05.0,0:06.0,0:06.0,0:05.5,0:06.5,00:06.0,00:07.0,00:08.0,00:05.5,00:06.5,00:06.0,00:04.5,00:07.5,00:04.5,00:04.5,00:05.0,00:05:.0,00:05.0,00:05.0,00:06.5,00:05.5,00:05.0,00:04.5,00:05.0,00:04.5,00:05.5,00:04.5,00:03.5,00:04.5,00:04.0,00:05.0,00:05.0,00:04.0,00:04.5,00:07.5,00:04.5,00:04.5,00:06.0,00:06.0,00:05.5,00:06.0,00:06.5,00:05.0,,,,,,,,,,,,,,,,,,,,,,,,,,,,,0:06.5,0:07.0,0:07.0,,0:10.0,0:08.0,0:07.5,0:07.0,,,,,,,0:06.0,,,,,,,0:06.0,,,,,,,0:06.5,0:05.0,0:06.0,0:07.0,0:05.5,0:05.0,0:05.0,0:05.5,,,,,,,0:09.0,0:05.0,0:05.5,0:05.0,0:05.0,0:05.5,0:06.0,0:06.0,0:05.5,0:06.0,0:05.0,0:05.5,0:05.5,0:06.0,0:06.0,,,,,,,0:07.0,,,,,,,0:08.0,,,,,,,0:06.0,,,,,,,0:07.0,,,,,,,0:06.0,,,,,,,0:05.0,,,,,,,0:05.5,0:06.0,0:06.0,0:06.0,0:09.5,0:05,0:05.5,0:06.0,,,,,,
End Time (in 0:00.0),08:07.5,08:06.8,08:09.5,08:07.0,08:08.0,08:07.0,08:06.5,08:07.0,08:06.5,08:07.0,08:06.0,08:05.0,08:08.0,08:06.0,08:08.0,08:28.0,08:10.5,08:11.0,08:10.0,08:07.0,08:07.5,08:07.5,08:11.5,08:09.5,08:07.5,08:06.0,08:08.0,08:18.0,08:06.5,08:09.0,08:09.0,08:05.5,08:05.0,08:08.5,08:06.0,08:06.0,08:06.0,08:09.0,08:08.0,08:08.0,08:06.0,08:06.5,08:11.5,08:34.0,08:06.5,08:07.0,08:06.5,08:08.5,08:10.5,08:07.5,08:15.0,08:09.5,08:06.5,08:06.5,08:07.0,08:08.5,08:07.0,08:14.0,08:06.0,08:11.0,08:09.0,08:08.0,08:06.0,08:06.0,08:07.0,08:07.0,08:06.0,08:06.0,08:08.0.,08:07.0,08:07.0,08:07.0,08:07.0,08:06.0,08:09.0,08:07.0,08:07.0,08:07.0,08:07.0,08:09.0,08:07.0,08:07.0,08:07.0,08:07.5,08:07.0,08:08.0,08:09.0,08:07.0,,,,,,,08:07.0,,,,,,,08:11.0,08:34.0,08:12.0,08:08.0,08:09.0,08:06.5,08:05.0,08:07.0,8:06.0,8:10.5,8:06.5,8:07.0,08:06.0,08:12.5,08:06.0,08:05.5,08:11.0,08:07.5,08:06.0,08:05.5,08:06.5,08:05.0,08:07.5,08:05.5,08:06.0,08:07.0,08:10.0,08:06.0,08:07.0,,,,,,,08:07.0,08:07.0,08:07.0,08:06.5,08:06.0,08:07.0,08:06.5,08:09.0,,,,,,,08:18.0,08:12.0,08:17.0,08:13.0,08:10.0,08:19.0,08:11.0,08:16.0,8:23.5,8:15.5,8:24.0,8:16.5,8:22.5,08:08.0,8:08.5,8:05.5,8:07.5,8:07.0,8:07.5,8:08.5,08:07.5,08:10.0,08:09.0,08:09.0,08:08.5,08:09.0,08:14.0,08:10.5,08:12.0,08:08.0,08:10.0,08:05.0,08:18.0,08:07.0,08:15.0,08:24.5,08:10.0,08:19.0,08:08.0,08:16.0,08:07.0,08:05.0,08:09.0,08:06.0,08:07.0,08:08.0,08:19.0,08:19.0,08:31.0,08:33.0,08:35.0,08:37.0,08:17.5,08:23.0,08:22.5,08:22.0,08:27.0,08:35.5,,,,,,,,,,,,,,,,,,,,,,,,,,,,,8:29.5,8:29.5,9:09.5,,8:22.0,8:39.5,8:08.0,8:11.0,,,,,,,8:07.0,,,,,,,8:07.5,,,,,,,8:07.5,8:08.5,8:09.5,8:10.5,8:07.5,8:06,8:06.5,8:07.0,,,,,,,8:23.0,8:08.5,8:18.5,8:18.0,8:26.0,8:20.0,8:23.5,8:18.0,8:26.5,8:18.0,8:19.0,8:10.0,8:36.0,8:47.0,8:07.0,,,,,,,8:11.5,,,,,,,8:11.0,,,,,,,8:07.5,,,,,,,8:14.0,,,,,,,8:20.5,,,,,,,8:06.5,,,,,,,8:13.5,8:08.0,8:12.0,8:11.5,8:20.0,8:06.5,8:16.0,8:10.0,,,,,,
Ovenbird calls (in 0:00.0),01:25.5,01:07.0,00:34.0,00:09.5,01:22.5,00:29.0,00:21.5,02:25.0,03:13.5,,,00:48.0,00:29.0,00:26.0,,,,,,,,01:51.0,,,00:00.0,00:03.0,01:19.0,02:21.5,00:25.0,00:09.5,00:00.0,,00:25.5,00:41.0,02:47.0,00:39.0,05:30.0,00:05.5,01:30.5,00:04.0,,,01:37.0,,00:20.0,,05:07.5,03:39.5,01:43.0,00:13.0,00:42.0,00:28.0,00:55.0,02:22.0,00:06.5,00:09.5,00:01.0,00:42.0,02:43.0,02:09.5,00:16.0,07:04.0,00:04.0,00:04.0,00:54.0,00:16.0,00:17.0,00:44.0,00:57.0,00:29.0,,,05:48.0,00:09.0,04:19.0,00:01.0,00:04.5,,00:25.0,00:15.0,00:01.0,00:12.5,00:16.5,00:09.0,03:58.0,00:41.5,00:24.0,00:24.0,,,,,,,00:10.0,,,,,,,[nothing],,,,,,,00:10.0,0:23.0,0:09.0,[nothing],[nothing],04:02.5,00:17.5,05:58.0,,03:02.5,00:13.0,00:09.0,,,03:54.0,00:17.0,02:39.0,[nothing],05:32.5,00:40.0,[nothing],nothing,,,,,,,nothing,nothing,nothing,nothing,nothing,nothing,nothing,00:07.5,,,,,,,00:06.0,00:05.0,00:12.0,00:00.0,00:18.0,00:07.0,00:03.5,04:14.0,0:29.0,0:44.5,0:38.0,5:26.0,0:25.0,00:11.0,0:07.5,0:16.0,1:59.5,0:17.5,0:52.5,0:31.0,00:07.5,00:37.0,01:23.0,01:13.0,00:08.0,01:05.5,05:16.0,05:52.0,,,,00:20.0,00:12.0,00:35.0,00:09.5,00:00.0,00:27.0,00:29.0,00:45.0,00:01.0,00:03.0,00:15.5,06:00.0,01:06.0,00:00.0,02:03.0,00:20.0,00:11.0,00:08.0,00:02.0,00:05.0,00:30.5,00:06.0,02:35.0,00:10.0,00:14.5,00:11.0,02:28.0,,,,,,,,,,,,,,,,,,,,,,,,,,,,,0:10.0,0:12.0,0:12.5,,3:12.0,0:17.5,0:08.0,[none],,,,,,,2:37.5,,,,,,,0:25.5,,,,,,,0:14.5,0:06.5,0:21.5,0:11.5,2:31.0,0:12.0,0:21.0,5:41.0,,,,,,,0:16.5,0:07.0,0:56.5,0:11.0,0:10.5,0:16.0,0:07.0,0:35.0,0:06.0,0:20.5,3:10.0,2:49.0,0:10.0,0:24.0,[none],,,,,,,[literally just chipmunk noises the entire time],,,,,,,[no OVEN],,,,,,,0:13.5,,,,,,,0:40.0,,,,,,,0:21.0,,,,,,,0:18.0,,,,,,,0:06.0,0:07.0,0:16.5,0:09.0,2:57.0,0:08.5,0:06.0,[none],,,,,,
,01:41.0,01:09.0,01:04.0,00:36.5,01:24.5,02:09.0,00:44.0,,04:22.0,,,01:40.0,01:05.5,03:58.0,,,,,,,,02:12.0,,,00:31.5,00:12.5,01:26.0,03:41.0,00:50.5,00:25.5,00:43.0,,00:38.0,01:08.5,,00:48.0,,00:38.0,01:55.0,01:40.0,,,06:16.0,,,,07:17.0,06:41.5,02:54.5,00:51.0,01:56.0,01:09.0,06:10.5,03:56.0,00:33.0,00:12.5,00:05.0,02:01.5,03:29.0,02:22.0,00:30.0,07:59.0,00:20.0,00:06.0,01:44.0,00:44.0,00:21.0,01:08.0,01:26.5,00:59.5,,,06:21.0,00:24.0,04:38.5,00:07.0,00:10.0,,00:46.5,00:18.0,00:14.0,00:32.0,00:40.0,00:42.0,04:22.5,00:59.0,00:49.5,02:16.0,,,,,,,00:53.5,,,,,,,,,,,,,,00:39.0,0:49.0,0:16.0,,,04:21.5,01:13.0,06:49.0,,03:57.5,00:32.0,00:21.5,,,05:36.5,00:39.5,03:13.0,,,06:06.5,,,,,,,,,,,,,,,,00:36.0,,,,,,,00:16.0,00:14.5,00:29.5,00:10.0,00:24.5,00:27.5,00:07.0,04:32.0,0:44.0,1:03.5,1:28.0,5:51.5,0:41.0,00:34.0,0:22.0,0:21.5,2:16.0,0:26.5,7:43.5,1:00.0,00:44.0,07:35.0,01:42.0,01:43.0,00:28.0,,05:22.5,05:59.0,,,,01:22.5,01:19.0,06:42.0,00:33.5,00:06.0,01:04.0,00:52.0,01:09.5,00:10.0,00:05.0,00:56.5,06:50.0,02:00.0,00:21.5,02:49.0,00:31.5,00:15.5,00:09.5,00:04.0,00:08.5,01:41.0,00:18.0,02:48.0,00:15.5,00:17.0,00:31.0,04:04.0,,,,,,,,,,,,,,,,,,,,,,,,,,,,,0:21.0,0:17.5,0:18.0,,3:34.5,0:38.5,0:13.5,,,,,,,,3:35.5,,,,,,,0:31.0,,,,,,,0:25.0,0:15.0,0:31.5,0:40.5,2:54.5,0:31.5,0:23.5,7:28.0,,,,,,,0:26.0,0:15.0,1:11.5,0:19.5,0:31.0,0:19.5,0:10.0,1:37.5,0:21.5,0:37.0,3:15.5,3:18.0,1:06.5,0:33.0,,,,,,,,,,,,,,,,,,,,,,0:31.0,,,,,,,1:17.5,,,,,,,0:37.0,,,,,,,0:43.0,,,,,,,0:24.0,0:25.0,0:20.0,0:18.5,3:30.0,0:12.5,0:25.5,,,,,,,
,02:07.5,01:20.0,01:10.0,00:46.0,01:46.0,06:01.0,01:03.5,,,,,03:00.5,01:29.0,,,,,,,,,02:53.0,,,00:33.0,00:24.5,01:39.5,03:56.0,01:52.5,00:40.5,01:05.5,,00:50.0,02:05.5,,01:05.0,,01:04.5,02:22.5,03:01.5,,,06:20.0,,,,,,05:32.0,01:19.0,02:01.5,01:35.5,,07:47.0,01:23.0,00:37.0,00:10.0,02:11.5,04:13.0,02:27.0,00:51.0,,00:37.5,00:07.5,02:06.0,01:11.5,02:04.5,01:32.5,01:44.0,01:24.0,,,,01:21.5,04:56.0,00:18.0,00:19.0,,01:20.5,00:28.0,00:30.0,00:41.0,01:05.0,01:20.5,04:48.5,01:25.0,01:15.5,02:48.0,,,,,,,01:10.0,,,,,,,,,,,,,,00:47.0,1:15.5,0:23.0,,,06:55.5,01:38.0,07:09.0,,04:33.5,00:54.0,00:33.0,,,06:35.0,01:07.0,03:51.0,,,,,,,,,,,,,,,,,,,01:02.0,,,,,,,00:19.0,00:16.0,00:47.0,00:15.0,00:28.0,00:51.5,00:21.5,04:58.0,1:01.5,1:28.0,5:06.5,8:06.5,3:07.0,03:07.0,0:32.0,0:32.0,2:31.0,0:32.5,7:59.5,2:18.5,01:03.0,,02:02.0,02:08.5,,,05:27.0,06:27.0,,,,03:03.0,01:36.5,06:59.0,00:58.0,00:09.5,01:06.0,01:17.0,01:32.0,00:36.0,00:17.0,02:45.0,07:27.5,03:39.5,00:46.0,04:07.0,00:45.5,00:29.0,00:24.0,00:23.0,00:27.0,01:50.0,00:33.0,03:23.0,00:26.0,00:20.0,00:34.0,04:36.0,,,,,,,,,,,,,,,,,,,,,,,,,,,,,0:24.0,0:33.5,0:20.5,,4:03.5,0:58.5,0:24.0,,,,,,,,6:17.5,,,,,,,0:40.0,,,,,,,0:39.5,0:17.5,3:08.0,1:44.0,3:18.5,0:33.5,0:30.5,,,,,,,,0:31.0,0:21.0,5:51.0,0:24.0,0:47.0,0:34.0,0:17.5,5:17.5,0:26.0,1:01.0,3:20.0,3:23.5,1:29.5,1:07.5,,,,,,,,,,,,,,,,,,,,,,0:47.5,,,,,,,2:18.5,,,,,,,0:54.0,,,,,,,1:05.5,,,,,,,0:32.5,0:29.0,0:22.5,0:24.0,3:41.5,0:15.0,0:46.0,,,,,,,
,04:01.0,01:23.5,01:22.0,00:52.5,01:50.5,,01:27.5,,,,,04:24.0,01:52.5,,,,,,,,,,,,00:36.0,01:13.0,01:51.0,04:14.0,02:06.0,00:56.5,01:28.0,,01:03.5,02:19.0,,01:17.0,,02:07.0,02:49.0,03:20.5,,,08:05.5,,,,,,06:11.0,01:34.0,02:12.0,02:00.0,,,01:48.0,00:39.5,00:22.5,02:47.0,06:28.5,02:39.5,01:00.0,,00:52.0,00:28.0,02:11.0,01:33.0,02:35.0,02:02.0,02:09.0,01:50.0,,,,02:24.0,05:05.0,00:30.0,00:24.0,,01:46.0,00:33.0,00:46.0,00:54.0,01:28.0,01:50.5,05:09.0,01:44.5,01:42.0,03:37.0,,,,,,,01:33.0,,,,,,,,,,,,,,00:53.5,1:39.5,0:43.0,,,07:17.0,02:00.5,08:05.0,,05:01.5,01:13.5,00:52.0,,,06:57.0,02:21.0,07:28.5,,,,,,,,,,,,,,,,,,,01:30.5,,,,,,,00:22.0,00:27.0,01:05.0,00:20.0,00:58.5,01:11.0,00:28.0,,1:02.5,1:47.5,8:20.5,,3:35.0,04:13.5,0:35.0,0:46.0,2:47.5,0:42.5,8:02.0,2:30.0,01:31.5,,04:57.0,,,,08:07.0,,,,,05:11.5,01:57.0,07:20.5,01:23.5,00:26.0,01:27.0,01:40.0,02:02.5,01:05.0,00:21.5,03:14.5,,03:59.0,01:13.0,04:38.0,00:55.0,00:33.0,00:43.0,00:27.5,00:29.5,03:53.0,00:49.5,03:26.0,00:32.0,00:27.5,00:50.5,04:53.5,,,,,,,,,,,,,,,,,,,,,,,,,,,,,0:26.5,0:50.0,0:31.5,,4:37.5,1:01.0,0:29.0,,,,,,,,7:33.5,,,,,,,0:42.5,,,,,,,1:11.5,0:31.0,3:17.5,2:38.5,3:39.0,0:52.5,0:49.0,,,,,,,,0:33.0,0:28.5,,0:28.5,1:07.5,0:46.5,0:21.0,5:24.0,0:39.5,1:17.0,3:39.0,3:31.0,1:36.5,1:09.0,,,,,,,,,,,,,,,,,,,,,,1:06.5,,,,,,,2:27.0,,,,,,,1:09.5,,,,,,,1:28.5,,,,,,,1:12.0,0:48.5,0:26.0,0:32.0,5:06.5,0:21.0,1:04.0,,,,,,,
,04:16.5,01:27.0,01:27.0,01:04.5,02:20.5,,01:52.5,,,,,05:10.0,02:10.5,,,,,,,,,,,,00:57.5,01:30.0,02:03.5,05:12.0,02:17.0,01:12.0,02:18.0,,01:17.0,02:40.5,,01:30.0,,03:05.0,03:08.0,03:39.0,,,,,,,,,06:26.5,01:56.5,02:22.0,02:51.5,,,01:59.0,01:13.5,00:29.5,03:07.0,06:48.0,03:00.5,01:09.5,,01:09.0,00:30.5,02:14.5,01:52.0,02:52.5,02:08.0,02:27.0,02:12.0,,,,02:52.0,05:13.0,00:31.0,00:41.5,,02:22.0,00:42.5,00:59.0,01:16.0,04:05.0,02:28.0,05:30.5,02:16.0,02:13.0,05:23.5,,,,,,,01:56.0,,,,,,,,,,,,,,01:07.0,2:02.0,0:55.5,,,07:40.0,02:54.0,,,05:04.0,01:35.0,00:53.5,,,07:45.0,03:29.0,,,,,,,,,,,,,,,,,,,,02:05.0,,,,,,,00:32.0,00:34.5,01:37.0,00:26.0,01:19.5,01:28.5,00:29.0,,1:26.0,2:53.5,,,4:03.0,04:33.0,0:39.0,0:49.0,3:12.0,0:47.5,,2:43.0,02:06.0,,,,,,,,,,,,02:17.5,07:42.0,02:18.5,00:36.0,01:39.0,01:51.0,02:31.0,02:46.0,00:37.0,03:47.0,,04:20.0,01:39.0,04:53.5,01:03.0,00:47.0,01:03.5,00:44.0,00:48.5,04:11.5,01:05.0,06:08.0,00:49.5,00:35.5,01:06.5,06:24.0,,,,,,,,,,,,,,,,,,,,,,,,,,,,,0:34.0,1:04.5,0:38.0,,,1:19.0,0:31.0,,,,,,,,,,,,,,,1:01.0,,,,,,,1:42.5,0:34.0,3:33.0,2:59.0,3:56.0,1:19.5,1:16.5,,,,,,,,0:46.0,0:33.0,,0:32.0,1:25.0,0:49.0,0:29.5,5:57.5,0:46.0,1:52.5,3:58.0,6:51.0,2:51.5,1:14.5,,,,,,,,,,,,,,,,,,,,,,2:31.0,,,,,,,4:02.5,,,,,,,1:39.0,,,,,,,1:53.0,,,,,,,1:15.5,0:51.0,0:45.0,0:39.5,,0:27.5,1:18.0,,,,,,,
,05:11.0,01:40.0,01:35.0,01:14.0,02:36.5,,02:16.0,,,,,06:41.0,02:29.5,,,,,,,,,,,,01:20.5,01:39.0,02:14.0,05:30.0,02:35.0,01:28.0,02:56.0,,,07:35.0,,02:18.5,,04:12.5,03:23.5,03:56.0,,,,,,,,,06:34.0,03:19.5,02:45.5,03:49.0,,,02:20.0,01:40.0,00:35.0,03:16.5,07:07.5,03:15.0,01:22.0,,01:14.0,00:48.0,02:38.0,02:16.5,03:01.0,02:29.0,02:37.0,02:17.0,,,,04:30.0,05:23.0,00:44.0,00:50.0,,02:40.0,00:50.0,01:13.5,01:32.0,05:30.0,02:51.5,05:52.5,02:40.5,02:38.5,,,,,,,,02:16.0,,,,,,,,,,,,,,01:17.5,2:24.5,1:11.0,,,08:01.5,06:06.5,,,05:34.0,01:55.5,01:09.0,,,,04:04.0,,,,,,,,,,,,,,,,,,,,02:34.0,,,,,,,00:36.0,00:51.0,02:14.0,00:38.5,01:43.0,01:40.0,00:41.0,,1:40.5,,,,4:15.5,04:53.0,0:43.5,1:01.0,3:29.0,0:49.5,,2:57.5,02:22.5,,,,,,,,,,,,02:57.5,08:02.5,02:48.0,00:50.0,02:07.5,02:02.5,02:59.0,03:14.0,00:57.0,04:09.0,,04:50.5,01:47.5,05:13.0,01:15.0,00:51.5,01:18.0,00:46.5,01:08.0,04:45.0,01:17.0,06:36.5,01:10.0,00:43.0,01:11.5,06:56.0,,,,,,,,,,,,,,,,,,,,,,,,,,,,,0:36.0,1:20.0,0:40.0,,,1:24.0,0:33.0,,,,,,,,,,,,,,,1:03.5,,,,,,,2:21.0,0:40.0,3:51.5,3:23.0,3:58.0,1:28.5,1:22.0,,,,,,,,1:02.0,0:35.5,,0:35.5,1:40.5,1:01.0,0:37.0,6:12.0,1:00.5,2:10.0,3:59.0,7:27.5,2:59.0,1:22.0,,,,,,,,,,,,,,,,,,,,,,2:45.0,,,,,,,4:41.5,,,,,,,1:56.0,,,,,,,4:53.5,,,,,,,1:18.5,0:58.5,0:50.5,0:44.5,,0:31.0,1:25.0,,,,,,,
,05:25.0,01:50.0,01:39.0,01:21.5,02:43.5,,02:43.0,,,,,07:41.5,02:45.0,,,,,,,,,,,,01:50.5,02:07.0,02:17.0,06:04.0,02:50.0,01:47.0,03:10.0,,,,,03:57.5,,05:08.5,03:40.5,04:20.0,,,,,,,,,06:55.5,03:58.5,03:07.0,04:31.5,,,02:33.0,02:09.0,00:44.0,03:37.0,07:29.0,03:31.0,01:35.0,,01:26.0,00:51.0,03:22.0,02:22.0,03:21.0,02:56.5,02:57.0,02:28.0,,,,06:44.0,05:30.5,00:59.5,01:06.5,,02:56.0,00:59.0,01:30.0,01:49.0,06:24.0,03:16.0,06:17.0,03:00.5,03:04.5,,,,,,,,02:38.0,,,,,,,,,,,,,,01:36.0,7:10.5,1:19.5,,,,06:09.5,,,06:06.5,02:22.5,01:15.5,,,,05:20.5,,,,,,,,,,,,,,,,,,,,02:51.0,,,,,,,00:39.5,00:54.0,02:34.0,00:41.0,01:49.0,02:00.0,00:46.5,,`1:46.5,,,,4:29.5,07:25.0,0:51.0,1:15.5,3:47.0,0:55.0,,3:12.5,02:56.5,,,,,,,,,,,,03:15.5,,03:11.0,00:53.0,02:39.5,02:19.0,03:23.0,03:48.0,01:01.5,04:14.5,,05:39.0,02:09.0,05:34.5,01:18.0,01:03.0,01:22.0,00:51.5,01:10.0,05:10.0,01:20.5,07:52.0,01:23.5,00:49.5,01:23.0,07:16.0,,,,,,,,,,,,,,,,,,,,,,,,,,,,,0:40.0,1:46.0,0:43.0,,,1:34.5,0:37.0,,,,,,,,,,,,,,,1:18.5,,,,,,,2:25.0,0:42.5,4:04.0,3:30.0,4:19.0,1:34.0,1:43.0,,,,,,,,1:05.5,0:48.0,,0:40.5,1:57.5,1:05.0,0:45.5,6:27.5,6:48.0,2:26.5,4:13.0,,3:07.0,1:33.0,,,,,,,,,,,,,,,,,,,,,,2:57.5,,,,,,,5:31.0,,,,,,,2:51.5,,,,,,,5:18.5,,,,,,,1:30.0,1:08.0,1:03.0,0:50.0,,0:32.0,1:42.0,,,,,,,
,05:39.0,01:58.0,01:42.5,01:35.0,02:58.0,,03:04.0,,,,,,03:03.0,,,,,,,,,,,,02:16.0,02:30.5,02:26.5,06:24.0,03:21.5,02:04.5,04:12.5,,,,,04:51.5,,05:13.0,04:05.0,04:41.5,,,,,,,,,07:16.0,05:30.0,03:17.0,05:40.0,,,02:38.0,02:23.5,00:45.0,04:06.5,,,03:12.5,,01:36.0,01:14.0,03:51.0,02:42.0,03:38.5,03:27.0,03:27.0,02:36.0,,,,06:59.0,05:36.0,01:14.0,01:27.0,,03:13.0,01:06.5,01:44.5,02:03.0,06:45.0,04:20.0,06:43.5,03:16.0,07:46.0,,,,,,,,02:54.5,,,,,,,,,,,,,,01:45.5,7:28.0,1:34.0,,,,06:41.5,,,06:35.5,02:47.5,01:27.5,,,,05:45.0,,,,,,,,,,,,,,,,,,,,03:17.0,,,,,,,00:55.5,00:55.0,02:54.0,00:43.0,02:12.0,02:21.0,00:49.0,,2:00.5,,,,4:36.0,07:29.0,1:09.0,1:29.0,4:01.5,0:58.0,,3:31.5,03:27.5,,,,,,,,,,,,03:29.0,,03:28.5,00:54.5,03:11.5,02:28.0,03:45.5,04:18.0,01:16.0,04:29.5,,06:07.5,02:39.0,05:52.0,01:22.5,01:07.5,01:40.0,00:55.0,01:17.5,05:13.5,01:31.0,,01:37.0,00:57.5,01:36.0,07:32.5,,,,,,,,,,,,,,,,,,,,,,,,,,,,,0:49.0,2:16.5,0:46.5,,,1:41.0,0:51.0,,,,,,,,,,,,,,,1:38.5,,,,,,,2:32.5,0:47.0,4:18.0,3:38.5,4:22.0,1:57.5,1:48.5,,,,,,,,1:13.0,0:49.0,,0:42.5,2:15.0,1:20.5,0:49.5,6:45.0,,2:46.0,4:15.5,,3:09.5,1:36.5,,,,,,,,,,,,,,,,,,,,,,3:08.0,,,,,,,6:13.0,,,,,,,3:11.0,,,,,,,6:37.5,,,,,,,1:34.0,1:12.0,1:05.0,1:01.5,,0:34.5,1:44.5,,,,,,,
,05:55.0,02:07.0,01:45.5,01:38.0,03:44.0,,03:23.0,,,,,,03:40.5,,,,,,,,,,,,02:46.5,02:41.0,02:30.5,06:42.0,03:46.0,02:21.5,04:41.5,,,,,06:02.5,,05:44.5,04:50.0,04:57.5,,,,,,,,,,05:57.0,03:23.0,07:15.0,,,02:48.0,02:30.0,00:47.5,04:08.0,,,03:20.0,,01:38.0,01:16.5,04:34.5,03:32.0,03:43.5,03:55.0,03:29.5,03:02.5,,,,07:03.0,05:49.0,,01:48.0,,03:29.5,01:24.0,01:54.0,02:05.0,07:19.5,04:48.5,07:09.0,03:33.0,08:05.5,,,,,,,,03:38.5,,,,,,,,,,,,,,01:48.0,7:46.5,2:10.5,,,,07:07.5,,,07:23.5,03:09.0,01:34.5,,,,06:07.5,,,,,,,,,,,,,,,,,,,,03:32.0,,,,,,,01:37.0,01:05.0,03:14.0,00:59.0,02:16.0,02:42.5,00:50.0,,2:03.5,,,,4:49.5,07:39.0,2:02.0,1:43.0,4:07.5,1:02.0,,3:52.5,05:16.5,,,,,,,,,,,,03:32.0,,03:44.0,00:57.5,03:36.0,02:43.0,04:09.0,04:52.5,01:23.0,04:47.5,,07:03.0,03:12.0,06:10.0,01:30.0,01:19.5,02:17.0,01:05.0,01:33.0,05:29.0,01:37.5,,01:57.0,01:01.5,01:38.5,07:50.0,,,,,,,,,,,,,,,,,,,,,,,,,,,,,0:51.0,2:36.0,0:52.5,,,1:44.5,0:51.5,,,,,,,,,,,,,,,1:41.0,,,,,,,2:50.5,0:51.5,4:21.5,3:53.0,4:43.0,1:59.5,2:08.0,,,,,,,,1:16.0,0:53.5,,0:45.0,2:33.5,1:38.0,0:52.0,6:57.0,,3:06.5,4:24.5,,3:29.0,1:44.5,,,,,,,,,,,,,,,,,,,,,,3:09.5,,,,,,,6:50.5,,,,,,,3:35.0,,,,,,,,,,,,,,1:41.0,1:17.0,1:09.5,1:06.5,,0:36.5,2:01.0,,,,,,,
,06:46.5,02:38.0,01:48.5,01:57.5,03:54.0,,03:39.0,,,,,,03:53.5,,,,,,,,,,,,02:57.0,03:55.0,02:32.0,07:01.5,04:39.0,02:43.0,04:48.0,,,,,06:35.0,,06:30.5,07:10.5,05:13.0,,,,,,,,,,06:11.5,03:37.0,07:47.0,,,02:57.0,04:34.5,01:03.0,04:17.5,,,03:52.0,,01:55.0,01:42.0,04:56.5,03:44.0,04:12.5,04:27.0,03:39.0,03:31.0,,,,07:19.0,05:51.0,,02:05.5,,03:59.5,02:56.0,02:02.5,02:16.5,07:50.5,05:10.0,07:37.0,03:51.5,,,,,,,,,03:21.0,,,,,,,,,,,,,,02:04.0,8:05.0,2:25.0,,,,07:29.0,,,,03:38.5,01:50.5,,,,06:27.0,,,,,,,,,,,,,,,,,,,,04:10.0,,,,,,,01:46.5,01:14.5,03:38.0,01:18.5,02:25.0,03:03.5,01:02.0,,2:18.0,,,,5:05.0,07:45.0,2:11.0,2:06.0,4:21.0,1:05.5,,4:11.0,06:04.5,,,,,,,,,,,,03:45.5,,04:09.5,01:10.5,03:42.0,03:03.0,04:34.5,05:38.0,01:41.5,05:11.0,,07:42.0,03:45.5,06:26.5,01:38.0,01:27.0,02:40.5,01:07.0,01:48.0,05:54.0,01:48.0,,02:10.0,01:16.0,01:52.5,,,,,,,,,,,,,,,,,,,,,,,,,,,,,,0:57.5,3:12.5,0:55.0,,,1:56.5,1:00.5,,,,,,,,,,,,,,,1:59.5,,,,,,,3:11.0,0:57.0,4:28.0,4:03.5,5:04.0,2:14.0,2:10.5,,,,,,,,1:33.0,0:55.5,,0:52.0,2:47.5,1:58.5,0:58.0,,,3:14.0,4:29.0,,3:59.0,1:57.0,,,,,,,,,,,,,,,,,,,,,,3:23.5,,,,,,,8:06.5,,,,,,,4:52.0,,,,,,,,,,,,,,1:54.4,1:28.5,1:18.5,1:09.0,,0:41.0,2:05.0,,,,,,,
,06:47.0,02:42.0,01:52.0,02:05.0,04:36.0,,03:49.5,,,,,,04:00.0,,,,,,,,,,,,02:59.0,05:44.0,02:41.0,07:46.0,05:01.5,03:02.0,05:08.0,,,,,,,06:52.0,07:39.0,05:39.0,,,,,,,,,,06:34.0,04:06.5,08:04.5,,,03:12.0,04:46.0,01:07.0,04:49.0,,,04:08.0,,02:28.0,02:26.0,05:35.0,03:52.0,04:31.5,04:53.0,03:43.0,03:57.5,,,,07:37.0,06:03.0,,02:31.0,,04:16.0,03:28.0,02:14.0,02:31.0,,05:33.5,07:57.5,04:07.5,,,,,,,,,03:24.0,,,,,,,,,,,,,,02:15.0,,3:00.0,,,,07:49.0,,,,,01:58.5,,,,06:51.5,,,,,,,,,,,,,,,,,,,,04:43.5,,,,,,,01:54.0,01:23.0,03:59.0,01:21.5,02:39.5,03:22.5,01:11.0,,2:26.5,,,,5:18.0,07:52.0,2:18.5,3:32.0,4:29.0,1:07.5,,4:10.5,06:25.0,,,,,,,,,,,,03:55.0,,04:45.0,01:14.0,04:17.0,03:22.0,05:03.0,06:03.5,01:49.0,05:14.5,,,04:17.0,,01:41.0,01:36.0,02:43.5,01:10.0,01:56.0,06:43.5,01:52.5,,02:12.5,01:29.0,01:58.0,,,,,,,,,,,,,,,,,,,,,,,,,,,,,,1:01.5,3:16.0,1:03.0,,,2:00.5,1:03.0,,,,,,,,,,,,,,,2:01.5,,,,,,,3:16.0,0:59.0,4:39.5,4:21.0,5:09.5,2:36.0,2:16.5,,,,,,,,1:34.0,1:08.0,,0:56.5,2:58.0,2:18.0,1:06.0,,,3:30.0,4:35.0,,4:01.5,2:07.5,,,,,,,,,,,,,,,,,,,,,,3:33.0,,,,,,,,,,,,,,6:06.5,,,,,,,,,,,,,,1:58.5,1:33.0,1:34.0,1:19.0,,0:50.0,2:29.5,,,,,,,
,06:56.0,02:58.5,01:57.0,02:23.5,05:24.0,,04:11.0,,,,,,07:08.0,,,,,,,,,,,,03:39.5,06:04.0,02:45.0,,05:46.0,03:04.0,05:18.0,,,,,,,06:59.0,,06:04.5,,,,,,,,,,06:50.5,04:08.5,,,,03:19.5,04:56.0,01:18.0,05:01.0,,,04:14.0,,04:45.0,02:49.0,05:58.0,04:19.0,04:40.0,05:15.5,04:09.0,04:29.5,,,,07:39.0,06:15.0,,02:50.0,,.4:31.5,04:25.0,02:19.0,02:32.5,,05:54.0,,04:25.0,,,,,,,,,03:38.5,,,,,,,,,,,,,,02:18.5,,3:31.0,,,,08:07.0,,,,,02:08.0,,,,06:58.0,,,,,,,,,,,,,,,,,,,,05:03.5,,,,,,,02:21.0,01:25.5,04:19.0,01:28.0,02:47.5,03:36.0,01:21.0,,2:41.0,,,,5:32.0,07:56.0,2:45.0,4:00.5,4:45.5,1:09.0,,4:28.5,06:44.5,,,,,,,,,,,,04:02.0,,05:22.0,01:35.0,04:47.5,03:38.0,05:44.5,06:30.0,01:14.0,05:42.0,,,04:25.0,,01:56.5,01:49.0,03:04.0,01:12.5,02:07.5,06:55.0,02:07.5,,02:22.0,01:32.0,02:05.5,,,,,,,,,,,,,,,,,,,,,,,,,,,,,,1:05.0,3:25.5,1:06.0,,,2:05.5,1:09.0,,,,,,,,,,,,,,,2:18.5,,,,,,,3:24.0,1:01.0,4:43.0,4:23.5,5:28.0,2:52.5,2:42.0,,,,,,,,1:49.5,1:09.0,,0:59.5,3:10.0,2:41.0,1:11.5,,,5:31.0,4:57.0,,4:13.0,2:12.0,,,,,,,,,,,,,,,,,,,,,,3:35.0,,,,,,,,,,,,,,6:55.5,,,,,,,,,,,,,,2:01.0,1:50.0,1:48.0,1:19.0,,0:51.0,2:59.5,,,,,,,
,07:10.0,03:19.0,02:05.5,02:42.0,05:41.0,,04:31.0,,,,,,,,,,,,,,,,,,03:43.0,06:31.0,02:55.0,,06:04.5,03:21.5,05:50.0,,,,,,,07:29.0,,06:27.5,,,,,,,,,,07:06.5,04:17.5,,,,03:41.5,05:09.0,01:23.0,05:29.5,,,04:37.0,,04:55.0,03:29.0,06:17.0,04:38.0,05:13.0,05:40.0,04:22.5,04:56.0,,,,,06:29.0,,03:19.0,,04:46.0,04:44.0,02:33.0,03:38.0,,06:12.0,,04:46.5,,,,,,,,,03:50.0,,,,,,,,,,,,,,02:35.0,,3:57.0,,,,HOLY CRAP A TREE FALLS AT 7:44 ITS SO LOUD,,,,,02:17.0,,,,07:17.5,,,,,,,,,,,,,,,,,,,,05:27.0,,,,,,,02:49.0,01:37.0,04:41.0,01:34.5,02:55.0,03:41.5,01:24.0,,2:45.0,,,,5:43.5,08:02.0,3:09.0,4:07.0,4:49.5,1:21.0,,4:51.5,07:02.0,,,,,,,,,,,,04:06.5,,05:26.5,01:58.5,05:15.5,03:57.5,06:21.0,06:53.0,02:27.5,06:04.0,,,04:42.0,,02:15.0,01:52.5,03:25.0,01:20.0,02:17.5,07:10.0,02:15.0,,02:30.0,01:42.0,02:19.5,,,,,,,,,,,,,,,,,,,,,,,,,,,,,,1:08.5,3:43.0,1:11.0,,,2:13.5,1:16.0,,,,,,,,,,,,,,,2:36.5,,,,,,,3:39.0,1:11.0,4:59.0,4:32.5,5:31.5,3:12.0,2:47.0,,,,,,,,2:06.5,1:13.0,,1:01.0,3:37.0,3:02.5,1:14.0,,,5:54.0,4:59.5,,4:19.0,2:23.5,,,,,,,,,,,,,,,,,,,,,,3:47.5,,,,,,,,,,,,,,7:10.5,,,,,,,,,,,,,,2:14.0,1:52.5,1:51.5,1:32.0,,0:53.0,3:15.5,,,,,,,
,07:36.5,03:38.0,02:09.0,02:52.0,05:53.0,,07:16.0,,,,,,,,,,,,,,,,,,04:05.5,06:57.5,02:59.5,,06:33.0,03:41.0,07:08.0,,,,,,,08:02.0,,06:53.5,,,,,,,,,,07:24.0,04:48.0,,,,04:08.0,05:21.0,01:3.0,05:57.0,,,04:52.0,,05:35.0,04:00.0,06:34.0,04:44.5,05:25.0,06:01.0,04:42.0,05:19.0,,,,,06:44.0,,03:46.5,,,06:22.0,02:50.0,03:41.5,,06:31.5,,05:47.0,,,,,,,,,04:00.0,,,,,,,,,,,,,,02:37.5,,4:06.5,,,,,,,,,02:28.0,,,,07:35.0,,,,,,,,,,,,,,,,,,,,05:44.0,,,,,,,02:52.0,01:49.5,05:02.0,01:38.0,03:08.0,04:01.0,01:29.0,,2:55.0,,,,5:57.5,,4:04.5,4:15.5,5:08.5,1:36.0,,4:56.0,07:23.5,,,,,,,,,,,,04:20.5,,06:48.0,02:14.0,05:43.5,04:16.0,06:59.5,07:20.5,02:37.0,06:07.5,,,05:11.5,,02:26.0,02:07.5,03:29.0,01:23.5,02:27.0,07:11.5,02:25.0,,02:36.0,01:51.0,02:33.5,,,,,,,,,,,,,,,,,,,,,,,,,,,,,,1:13.5,3:57.5,1:13.0,,,2:25.0,1:18.0,,,,,,,,,,,,,,,2:39.0,,,,,,,3:49.5,1:19.5,5:12.5,4:42.5,5:37.0,3:28.0,2:56.0,,,,,,,,2:26.5,1:20.5,,1:03.0,3:54.5,3:23.5,1:21.0,,,6:00.5,5:16.5,,4:29.0,2:30.5,,,,,,,,,,,,,,,,,,,,,,3:51.0,,,,,,,,,,,,,,7:25.0,,,,,,,,,,,,,,2:19.0,2:10.5,1:57.0,1:35.5,,0:55.5,3:31.0,,,,,,,
,07:50.0,03:58.0,02:15.5,03:21.0,07:26.5,,,,,,,,,,,,,,,,,,,,04:15.5,07:53.0,03:06.0,,06:42.0,04:04.5,07:09.0,,,,,,,,,07:30.5,,,,,,,,,,07:40.5,05:01.5,,,,04:18.0,05:34.5,01:41.0,06:07.0,,,05:11.0,,05:39.0,04:01.0,06:55.0,05:12.0,05:31.0,06:48.5,05:11.0,05:40.5,,,,,06:59.5,,04:13.0,,,06:51.5,03:06.5,03:53.5,,06:49.5,,06:12.0,,,,,,,,,04:06.0,,,,,,,,,,,,,,02:44.0,,4:25.0,,,,,,,,,02:37.5,,,,07:54.5,,,,,,,,,,,,,,,,,,,,05:59.5,,,,,,,03:08.0,01:58.0,05:26.0,01:48.0,03:10.0,04:20.0,01:39.5,,2:58.5,,,,6:12.0,,4:55.5,4:29.0,5:13.5,1:44.5,,5:10.0,07:43.0,,,,,,,,,,,,04:24.5,,07:15.0,02:25.5,06:07.5,04:36.5,07:32.0,07:48.5,02:53.0,06:11.0,,,05:32.0,,02:30.0,02:29.5,03:44.5,01:34.0,02:42.5,07:39.5,02:32.5,,02:48.0,01:56.5,02:40.0,,,,,,,,,,,,,,,,,,,,,,,,,,,,,,1:16.0,4:11.5,1:22.5,,,2:31.5,1:24.5,,,,,,,,,,,,,,,2:56.5,,,,,,,3:56.0,1:25.5,5:17.0,4:46.5,5:55.5,3:43.5,3:19.0,,,,,,,,2:41.0,1:28.0,,1:10.0,4:10.5,3:45.0,1:23.5,,,6:43.5,5:27.5,,5:08.0,2:34.5,,,,,,,,,,,,,,,,,,,,,,4:00.0,,,,,,,,,,,,,,,,,,,,,,,,,,,,2:40.5,2:13.0,2:01.5,1:39.0,,1:03.5,3:51.0,,,,,,,
,,04:05.0,02:20.0,03:32.0,,,,,,,,,,,,,,,,,,,,,04:38.5,,03:14.5,,07:00.0,04:22.0,07:24.0,,,,,,,,,,,,,,,,,,,07:58.0,05:29.5,,,,04:32.5,05:48.0,01:56.0,06:21.0,,,07:41.0,,06:00.0,04:02.0,07:19.0,05:33.0,05:49.0,07:07.0,05:57.0,06:03.0,,,,,07:08.0,,04:35.0,,,06:55.5,03:22.0,03:59.0,,07:09.0,,06:39.0,,,,,,,,,04:13.5,,,,,,,,,,,,,,02:56.5,,4:27.0,,,,,,,,,02:39.5,,,,,,,,,,,,,,,,,,,,,,,,06:30.5,,,,,,,03:12.0,02:15.0,05:48.5,02:02.5,03:27.5,04:39.5,01:45.0,,3:09.5,,,,6:30.0,,6:16.5,4:34.0,5:35.5,1:48.0,,5:27.0,07:55.5,,,,,,,,,,,,04:39.5,,07:21.0,02:28.0,06:38.0,04:56.5,08:01.0,08:14.0,02:56.0,06:26.5,,,05:42.5,,02:55.0,02:46.0,03:49.0,01:38.5,02:47.0,07:58.5,02:41.0,,02:50.0,02:10.0,02:44.0,,,,,,,,,,,,,,,,,,,,,,,,,,,,,,1:18.5,4:25.0,1:31.0,,,2:39.0,1:33.5,,,,,,,,,,,,,,,3:00.0,,,,,,,4:04.0,1:28.0,5:24.5,4:59.5,6:05.0,3:46.0,3:28.0,,,,,,,,3:03.0,1:30.5,,1:14.0,4:17.0,4:08.0,1:26.0,,,6:53.0,5:35.5,,5:30.0,2:38.0,,,,,,,,,,,,,,,,,,,,,,4:12.5,,,,,,,,,,,,,,,,,,,,,,,,,,,,2:41.5,2:35.5,2:08.0,1:52.0,,1:06.0,3:58.5,,,,,,,
,,04:20.0,02:34.0,03:45.0,,,,,,,,,,,,,,,,,,,,,04:42.5,,03:17.0,,07:21.5,04:40.0,07:45.0,,,,,,,,,,,,,,,,,,,,05:57.0,,,,04:45.0,06:02.0,02:04.0,06:24.0,,,08:03.0,,06:23.0,04:16.0,07:42.5,05:39.0,05:55.0,07:19.0,06:33.0,06:33.0,,,,,07:14.5,,04:55.0,,,07:06.0,03:36.0,04:13.0,,,,06:59.5,,,,,,,,,04:21.0,,,,,,,,,,,,,,03:00.0,,4:42.5,,,,,,,,,02:45.0,,,,,,,,,,,,,,,,,,,,,,,,,,,,,,,03:15.5,02:17.5,06:17.5,02:07.5,03:34.0,04:50.0,01:48.0,,3:21.0,,,,6:48.5,,6:32.0,5:19.0,5:53.0,1:53.5,,5:44.5,,,,,,,,,,,,,04:57.0,,07:30.5,02:50.0,07:10.0,05:16.0,,,03:12.0,06:41.0,,,05:54.5,,03:01.5,02:49.5,04:05.5,01:43.0,03:02.5,08:36.0,02:54.0,,03:00.0,02:13.0,02:55.0,,,,,,,,,,,,,,,,,,,,,,,,,,,,,,1:29.0,4:42.0,1:33.5,,,2:49.0,1:37.0,,,,,,,,,,,,,,,3:22.5,,,,,,,4:14.0,1:41.5,5:34.5,5:06.5,6:17.5,4:17.5,4:00.5,,,,,,,,3:21.0,1:32.0,,1:16.5,4:26.5,4:29.5,1:36.5,,,7:14.5,5:45.0,,5:45.5,2:49.5,,,,,,,,,,,,,,,,,,,,,,4:14.5,,,,,,,,,,,,,,,,,,,,,,,,,,,,2:46.5,2:39.5,2:16.0,1:57.0,,1:08.5,4:12.0,,,,,,,
,,04:24.0,02:50.0,03:50.0,,,,,,,,,,,,,,,,,,,,,05:03.5,,03:24.0,,07:48.0,04:56.5,07:47.0,,,,,,,,,,,,,,,,,,,,06:07.5,,,,04:59.0,06:04.5,02:06.5,06:34.0,,,,,06:27.5,04:22.0,08:05.0,06:02.0,06:10.0,07:33.0,07:16.0,07:07.5,,,,,07:29.0,,05:22.5,,,07:16.5,03:45.0,04:38.0,,,,07:29.5,,,,,,,,,04:23.5,,,,,,,,,,,,,,03:07.0,,4:58.0,,,,,,,,,03:17.5,,,,,,,,,,,,,,,,,,,,,,,,,,,,,,,03:32.0,02:22.0,06:31.5,02:23.5,03:50.0,04:58.5,02:07.5,,3:25.5,,,,7:03.5,,6:47.5,5:29.5,6:13.0,1:59.0,,6:03.0,,,,,,,,,,,,,05:11.5,,07:46.5,02:53.0,07:12.5,05:35.5,,,03:14.5,06:44.0,,,06:15.5,,03:19.0,03:03.5,04:09.5,01:58.0,03:07.0,,03:11.0,,03:03.5,02:16.0,02:59.0,,,,,,,,,,,,,,,,,,,,,,,,,,,,,,1:35.0,4:45.0,1:37.0,,,2:52.5,1:45.0,,,,,,,,,,,,,,,3:36.5,,,,,,,4:17.0,1:48.0,5:54.5,5:16.5,6:31.5,4:37.0,4:16.5,,,,,,,,3:38.5,1:46.0,,1:19.0,4:36.5,4:43.0,1:39.0,,,7:37.0,6:11.0,,5:48.5,2:52.5,,,,,,,,,,,,,,,,,,,,,,4:31.0,,,,,,,,,,,,,,,,,,,,,,,,,,,,3:05.0,3:02.0,2:24.5,2:01.5,,1:10.0,4:19.4,,,,,,,
,,04:35.0,03:10.0,03:58.0,,,,,,,,,,,,,,,,,,,,,05:20.0,,03:30.0,,07:52.0,05:01.0,,,,,,,,,,,,,,,,,,,,,06:21.5,,,,05:09.5,06:13.5,02:10.0,06:35.5,,,,,06:32.0,04:46.0,,06:12.0,06:36.0,07:47.0,07:17.5,07:35.0,,,,,,,05:41.5,,,07:20.5,03:49.5,05:07.0,,,,07:52.0,,,,,,,,,04:37.5,,,,,,,,,,,,,,03:24.0,,5:13.0,,,,,,,,,03:45.5,,,,,,,,,,,,,,,,,,,,,,,,,,,,,,,03:34.0,02:38.0,06:46.0,02:48.0,04:11.0,05:19.5,02:16.0,,3:29.5,,,,7:21.5,,7:04.5,5:38.5,,2:08.5,,6:21.5,,,,,,,,,,,,,05:24.5,,07:56.5,03:00.5,,05:53.0,,,03:32.0,06:58.5,,,06:21.0,,03:22.0,03:06.0,04:32.5,01:59.0,03:25.5,,03:17.0,,03:15.5,02:26.0,03:09.0,,,,,,,,,,,,,,,,,,,,,,,,,,,,,,1:37.5,4:56.5,1:38.5,,,3:08.0,1:51.5,,,,,,,,,,,,,,,4:01.0,,,,,,,4:34.0,1:58.0,6:15.5,5:18.5,6:41.0,4:44.5,4:24.5,,,,,,,,3:55.0,1:49.5,,1:25.0,4:43.0,4:49.5,1:44.0,,,,6:39.5,,6:04.5,3:04.0,,,,,,,,,,,,,,,,,,,,,,4:46.5,,,,,,,,,,,,,,,,,,,,,,,,,,,,3:16.0,3:04.5,2:27.0,2:10.0,,1:25.5,4:35.0,,,,,,,
,,05:50.0,03:27.0,04:12.0,,,,,,,,,,,,,,,,,,,,,05:39.5,,03:44.0,,,05:17.5,,,,,,,,,,,,,,,,,,,,,06:24.0,,,,06:04.0,06:28.0,02:33.0,06:58.0,,,,,06:34.5,05:13.0,,06:36.0,06:57.0,08:03.0,,08:04.0,,,,,,,06:06.0,,,07:23.0,04:00.5,08:02.0,,,,,,,,,,,,,04:44.5,,,,,,,,,,,,,,03:27.0,,5:30.5,,,,,,,,,04:03.5,,,,,,,,,,,,,,,,,,,,,,,,,,,,,,,03:52.0,02:45.0,06:47.0,03:21.0,04:32.0,05:39.5,02:23.0,,3:37.5,,,,7:40.0,,7:20.0,6:23.0,,2:11.0,,6:55.5,,,,,,,,,,,,,05:26.0,,08:02.0,03:20.0,,06:15.0,,,03:34.5,07:09.0,,,06:34.0,,03:40.0,03:19.5,04:53.0,02:02.0,03:28.0,,03:26.5,,03:30.0,02:29.0,03:19.5,,,,,,,,,,,,,,,,,,,,,,,,,,,,,,1:43.0,5:12.0,1:55.0,,,3:27.5,2:07.0,,,,,,,,,,,,,,,4:05.5,,,,,,,4:40.5,2:01.5,6:53.0,5:25.0,7:01.0,4:49.5,4:35.0,,,,,,,,4:11.0,1:51.5,,1:35.5,4:53.0,4:58.0,1:54.0,,,,7:06.5,,6:06.0,3:09.0,,,,,,,,,,,,,,,,,,,,,,4:53.0,,,,,,,,,,,,,,,,,,,,,,,,,,,,3:18.0,3:24.0,2:41.0,2:13.5,,1:27.0,4:58.0,,,,,,,
,,05:57.0,07:14.0,04:15.0,,,,,,,,,,,,,,,,,,,,,05:42.0,,03:46.5,,,05:35.5,,,,,,,,,,,,,,,,,,,,,06:35.0,,,,06:07.0,06:50.0,02:37.0,07:07.0,,,,,06:38.0,05:16.0,,06:41.0,07:00.5,,,,,,,,,,06:24.5,,,07:33.5,04:05.0,,,,,,,,,,,,,,04:55.0,,,,,,,,,,,,,,03:37.0,,5:33.5,,,,,,,,,04:23.0,,,,,,,,,,,,,,,,,,,,,,,,,,,,,,,03:53.5,02:49.5,07:01.0,03:40.5,04:36.0,06:01.5,02:27.0,,3:54.0,,,,7:58.5,,7:33.5,,,2:18.0,,6:57.0,,,,,,,,,,,,,05:41.0,,08:06.0,03:24.5,,06:35.5,,,03:56.0,07:17.5,,,06:45.5,,03:45.5,03:33.5,04:56.5,02:11.5,03:47.0,,03:41.0,,03:45.0,02:33.5,03:24.5,,,,,,,,,,,,,,,,,,,,,,,,,,,,,,1:51.5,5:26.5,1:56.5,,,3:38.0,2:19.0,,,,,,,,,,,,,,,4:15.5,,,,,,,4:52.0,2:12.0,7:45.0,5:27.5,7:04.0,5:08.5,4:43.5,,,,,,,,4:27.5,2:04.5,,1:37.0,4:59.5,5:07.5,2:02.5,,,,7:31.5,,6:17.0,3:15.0,,,,,,,,,,,,,,,,,,,,,,4:59.0,,,,,,,,,,,,,,,,,,,,,,,,,,,,3:30.0,3:26.0,2:43.0,2:19.5,,1:29.0,5:03.5,,,,,,,
,,06:00.0,,04:18.5,,,,,,,,,,,,,,,,,,,,,06:02.0,,03:52.5,,,05:53.0,,,,,,,,,,,,,,,,,,,,,06:48.0,,,,06:37.0,07:28.0,02:39.5,07:20.0,,,,,06:45.0,05:29.0,,06:43.0,07:20.0,,,,,,,,,,06:33.0,,,07:41.0,04:17.5,,,,,,,,,,,,,,05:10.0,,,,,,,,,,,,,,03:47.5,,6:05.0,,,,,,,,,04:34.0,,,,,,,,,,,,,,,,,,,,,,,,,,,,,,,04:11.0,02:59.0,07:04.5,03:44.0,04:55.0,06:20.0,02:29.5,,3:58.0,,,,8:18.0,,7:38.0,,,2:26.0,,7:13.5,,,,,,,,,,,,,06:01.0,,,03:47.0,,06:59.5,,,04:09.0,07:30.5,,,06:56.0,,03:53.0,03:52.5,05:15.5,02:16.0,03:49.0,,03:42.5,,03:51.5,02:43.5,03:33.5,,,,,,,,,,,,,,,,,,,,,,,,,,,,,,1:57.5,5:30.0,2:06.0,,,3:45.5,2:25.0,,,,,,,,,,,,,,,4:21.5,,,,,,,5:18.0,2:16.5,,5:44.5,7:24.0,5:22.0,4:56.5,,,,,,,,4:43.0,2:06.0,,1:41.5,5:03.0,6:41.5,2:20.5,,,,7:54.5,,6:29.0,3:19.5,,,,,,,,,,,,,,,,,,,,,,5:13.0,,,,,,,,,,,,,,,,,,,,,,,,,,,,3:43.0,3:43.5,2:50.0,2:34.5,,1:39.5,5:21.5,,,,,,,
,,06:08.0,,04:29.5,,,,,,,,,,,,,,,,,,,,,06:36.0,,04:02.0,,,05:58.0,,,,,,,,,,,,,,,,,,,,,07:07.5,,,,06:47.0,07:41.0,02:53.0,07:27.0,,,,,06:48.5,05:36.0,,07:15.0,07:26.0,,,,,,,,,,06:41.0,,,07:48.5,04:37.0,,,,,,,,,,,,,,05:29.0,,,,,,,,,,,,,,03:50.0,,6:12.5,,,,,,,,,04:39.0,,,,,,,,,,,,,,,,,,,,,,,,,,,,,,,04:15.5,03:01.0,07:09.0,03:54.0,05:24.0,06:32.5,02:31.5,,4:06.5,,,,,,7:50.0,,,2:37.5,,7:19.0,,,,,,,,,,,,,06:15.5,,,03:52.0,,07:20.0,,,04:17.0,07:49.0,,,07:03.0,,04:09.5,04:09.0,05:18.0,02:19.0,04:09.5,,03:47.0,,04:04.5,02:44.5,03:38.5,,,,,,,,,,,,,,,,,,,,,,,,,,,,,,2:04.5,5:35.0,2:12.0,,,3:49.0,2:33.0,,,,,,,,,,,,,,,4:26.0,,,,,,,5:27.5,2:19.0,,5:46.5,7:25.5,5:40.0,5:07.5,,,,,,,,4:58.5,2:10.0,,1:45.5,5:07.5,8:07.5,2:23.0,,,,,,6:46.5,3:31.0,,,,,,,,,,,,,,,,,,,,,,5:15.0,,,,,,,,,,,,,,,,,,,,,,,,,,,,4:05.0,3:45.0,2:55.5,2:37.0,,1:55.0,5:44.0,,,,,,,
,,06:10.5,,04:35.0,,,,,,,,,,,,,,,,,,,,,07:18.5,,04:09.0,,,06:14.5,,,,,,,,,,,,,,,,,,,,,07:20.0,,,,06:58.5,07:54.5,02:56.5,07:41.0,,,,,06:52.0,05:44.0,,07:18.0,07:51.0,,,,,,,,,,07:06.0,,,08:03.5,04:53.0,,,,,,,,,,,,,,05:49.0,,,,,,,,,,,,,,04:02.0,,6:18.0,,,,,,,,,06:29.0,,,,,,,,,,,,,,,,,,,,,,,,,,,,,,,04:19.0,03:05.0,07:24.5,04:07.5,05:47.5,06:41.0,02:42.0,,4:21.0,,,,,,7:59.0,,,2:41.0,,7:58.5,,,,,,,,,,,,,06:31.0,,,04:00.5,,07:41.0,,,04:39.5,07:51.5,,,07:22.5,,04:13.0,04:27.0,05:22.0,02:31.0,04:11.5,,03:58.5,,04:21.0,02:52.0,03:50.5,,,,,,,,,,,,,,,,,,,,,,,,,,,,,,2:07.0,5:52.0,2:20.0,,,4:03.5,2:37.5,,,,,,,,,,,,,,,4:37.0,,,,,,,5:38.5,2:25.0,,5:53.0,7:42.0,6:05.0,5:20.0,,,,,,,,5:14.5,2:21.5,,1:50.5,5:17.5,,2:28.5,,,,,,7:08.0,3:31.5,,,,,,,,,,,,,,,,,,,,,,5:26.5,,,,,,,,,,,,,,,,,,,,,,,,,,,,4:37.0,4:04.5,3:00.5,2:42.0,,2:00.5,5:50.0,,,,,,,
,,06:15.5,,04:48.5,,,,,,,,,,,,,,,,,,,,,07:35.5,,04:16.0,,,,,,,,,,,,,,,,,,,,,,,,07:28.0,,,,07:23.0,08:05.0,02:58.5,07:58.5,,,,,06:55.0,05:51.0,,07:48.0,07:57.0,,,,,,,,,,07:28.0,,,,05:00.0,,,,,,,,,,,,,,06:10.0,,,,,,,,,,,,,,04:44.5,,6:34.5,,,,,,,,,06:50.0,,,,,,,,,,,,,,,,,,,,,,,,,,,,,,,04:26.5,03:18.5,07:29.0,04:12.5,06:47.5,06:58.0,02:48.0,,4:26.0,,,,,,8:04.5,,,2:57.0,,,,,,,,,,,,,,,06:33.5,,,04:01.5,,,,,04:59.5,07:55.0,,,07:32.0,,05:07.0,04:46.5,05:38.5,02:41.0,04:30.0,,04:03.0,,04:37.0,02:59.0,03:54.0,,,,,,,,,,,,,,,,,,,,,,,,,,,,,,2:23.5,5:55.0,2:22.0,,,4:20.0,2:45.5,,,,,,,,,,,,,,,4:53.0,,,,,,,5:45.0,2:28.5,,6:03.0,7:51.0,6:23.0,5:52.5,,,,,,,,5:37.5,2:24.0,,1:56.0,5:21.0,,2:37.0,,,,,,,3:38.5,,,,,,,,,,,,,,,,,,,,,,5:37.5,,,,,,,,,,,,,,,,,,,,,,,,,,,,4:37.0,4:10.0,3:03.0,2:56.5,,2:10.0,6:15.0,,,,,,,
,,06:21.5,,05:10.0,,,,,,,,,,,,,,,,,,,,,07:58.0,,04:19.0,,,,,,,,,,,,,,,,,,,,,,,,07:33.0,,,,07:47.0,,03:31.0,,,,,,07:03.0,05:55.0,,07:56.0,,,,,,,,,,,07:49.0,,,,05:13.0,,,,,,,,,,,,,,06:29.0,,,,,,,,,,,,,,04:46.0,,6:40.5,,,,,,,,,,,,,,,,,,,,,,,,,,,,,,,,,,,,,,,,04:30.0,03:24.0,07:40.5,04:25.0,07:08.0,07:19.5,02:55.0,,4:30.0,,,,,,,,,3:12.0,,,,,,,,,,,,,,,06:51.5,,,04:24.5,,,,,05:26.5,,,,07:36.0,,,05:05.0,05:45.0,02:43.5,04:32.5,,04:06.0,,04:52.5,03:05.0,04:09.0,,,,,,,,,,,,,,,,,,,,,,,,,,,,,,2:39.5,6:11.0,2:25.0,,,4:33.0,2:50.0,,,,,,,,,,,,,,,4:55.0,,,,,,,5:50.0,2:30.0,,6:25.0,7:59.5,6:26.5,6:16.5,,,,,,,,5:39.0,2:26.0,,1:59.0,5:34.5,,2:39.0,,,,,,,3:45.0,,,,,,,,,,,,,,,,,,,,,,5:40.0,,,,,,,,,,,,,,,,,,,,,,,,,,,,4:33.0,4:26.0,3:15.5,3:02.0,,2:25.0,6:39.0,,,,,,,
,,06:26.0,,05:33.0,,,,,,,,,,,,,,,,,,,,,08:04.0,,04:31.5,,,,,,,,,,,,,,,,,,,,,,,,,,,,07:54.5,,03:37.0,,,,,,07:05.0,05:58.0,,,,,,,,,,,,,,,,,05:17.5,,,,,,,,,,,,,,06:50.0,,,,,,,,,,,,,,05:11.0,,6:56.0,,,,,,,,,,,,,,,,,,,,,,,,,,,,,,,,,,,,,,,,04:34.0,03:27.0,07:56.0,04:34.0,07:21.0,07:38.5,03:03.0,,4:36.5,,,,,,,,,3:14.0,,,,,,,,,,,,,,,07:09.5,,,04:30.0,,,,,05:44.0,,,,07:56.0,,,05:12.5,05:59.0,02:55.5,04:49.5,,04:15.5,,05:09.0,03:13.0,04:26.5,,,,,,,,,,,,,,,,,,,,,,,,,,,,,,2:48.5,6:27.0,2:29.5,,,4:39.5,2:53.5,,,,,,,,,,,,,,,5:14.0,,,,,,,5:54.5,2:36.0,,6:34.5,8:03.5,6:40.5,6:43.0,,,,,,,,5:52.5,2:30.0,,2:01.0,5:37.0,,2:53.0,,,,,,,3:53.0,,,,,,,,,,,,,,,,,,,,,,5:54.5,,,,,,,,,,,,,,,,,,,,,,,,,,,,4:52.5,4:30.0,3:19.0,3:11.5,,2:42.0,6:59.0,,,,,,,
,,06:32.0,,05:47.0,,,,,,,,,,,,,,,,,,,,,,,04:37.0,,,,,,,,,,,,,,,,,,,,,,,,,,,,,,04:05.0,,,,,,07:11.0,06:16.0,,,,,,,,,,,,,,,,,05:29.0,,,,,,,,,,,,,,07:12.0,,,,,,,,,,,,,,05:29.5,,7:10.0,,,,,,,,,,,,,,,,,,,,,,,,,,,,,,,,,,,,,,,,04:37.0,03:30.5,07:59.0,04:44.0,07:22.5,07:42.0,03:06.0,,4:52.5,,,,,,,,,3:31.0,,,,,,,,,,,,,,,07:10.0,,,04:35.0,,,,,,,,,08:00.0,,,05:20.0,06:11.5,03:03.5,04:55.0,,04:26.0,,05:27.0,03:14.5,04:41.0,,,,,,,,,,,,,,,,,,,,,,,,,,,,,,2:54.5,6:43.5,2:35.5,,,4:53.0,2:55.5,,,,,,,,,,,,,,,5:18.0,,,,,,,6:08.5,2:45.5,,6:43.0,,6:50.5,7:12.0,,,,,,,,5:56.0,2:40.5,,2:07.0,5:42.0,,2:56.5,,,,,,,3:56.0,,,,,,,,,,,,,,,,,,,,,,5:57.5,,,,,,,,,,,,,,,,,,,,,,,,,,,,5:08.5,4:50.0,3:34.5,3:13.5,,2:45.0,7:29.5,,,,,,,
,,07:08.0,,05:55.5,,,,,,,,,,,,,,,,,,,,,,,04:47.5,,,,,,,,,,,,,,,,,,,,,,,,,,,,,,05:01.0,,,,,,07:22.0,06:18.5,,,,,,,,,,,,,,,,,05:38.5,,,,,,,,,,,,,,07:33.5,,,,,,,,,,,,,,05:49.0,,7:32.5,,,,,,,,,,,,,,,,,,,,,,,,,,,,,,,,,,,,,,,,04:44.0,03:40.0,08:14.0,05:10.0,07:27.0,07:57.0,03:09.5,,4:55.5,,,,,,,,,3:34.5,,,,,,,,,,,,,,,08:12.0,,,04:51.0,,,,,,,,,,,,05:30.0,06:32.5,03:05.0,05:10.0,,04:32.5,,05:43.0,03:27.5,04:44.0,,,,,,,,,,,,,,,,,,,,,,,,,,,,,,2:56.5,7:01.0,2:38.5,,,4:56.5,3:09.5,,,,,,,,,,,,,,,5:34.0,,,,,,,6:12.0,2:48.0,,6:49.0,,6:52.5,7:33.5,,,,,,,,6:09.5,2:46.0,,2:12.5,5:49.5,,3:09.0,,,,,,,3:58.5,,,,,,,,,,,,,,,,,,,,,,6:20.0,,,,,,,,,,,,,,,,,,,,,,,,,,,,5:19.0,5:10.5,3:39.5,3:15.0,,3:03.5,,,,,,,,
,,07:23.0,,06:28.5,,,,,,,,,,,,,,,,,,,,,,,04:53.0,,,,,,,,,,,,,,,,,,,,,,,,,,,,,,05:27.0,,,,,,07:25.5,06:27.0,,,,,,,,,,,,,,,,,05:50.5,,,,,,,,,,,,,,07:57.5,,,,,,,,,,,,,,06:13.5,,7:38.5,,,,,,,,,,,,,,,,,,,,,,,,,,,,,,,,,,,,,,,,05:00.0,03:49.5,,05:22.0,07:37.5,08:15.0,03:24.0,,5:07.5,,,,,,,,,3:49.5,,,,,,,,,,,,,,,,,,04:55.0,,,,,,,,,,,,05:44.5,06:37.0,03:11.5,05:16.0,,04:48.5,,06:00.0,03:30.0,04:56.5,,,,,,,,,,,,,,,,,,,,,,,,,,,,,,3:00.0,7:18.5,2:47.0,,,5:05.0,3:12.5,,,,,,,,,,,,,,,5:44.5,,,,,,,6:20.0,2:52.5,,6:57.0,,6:55.0,,,,,,,,,6:16.0,2:50.5,,2:18.0,5:54.0,,3:11.0,,,,,,,4:02.0,,,,,,,,,,,,,,,,,,,,,,6:40.0,,,,,,,,,,,,,,,,,,,,,,,,,,,,5:21.5,5:13.5,3:42.0,3:25.5,,3:05.0,,,,,,,,
,,07:35.0,,06:30.5,,,,,,,,,,,,,,,,,,,,,,,05:06.5,,,,,,,,,,,,,,,,,,,,,,,,,,,,,,07:21.0,,,,,,07:29.0,06:37.0,,,,,,,,,,,,,,,,,05:53.0,,,,,,,,,,,,,,,,,,,,,,,,,,,,06:30.0,,8:05.0,,,,,,,,,,,,,,,,,,,,,,,,,,,,,,,,,,,,,,,,05:19.0,03:58.0,,05:37.0,07:48.0,,03:29.0,,5:14.0,,,,,,,,,4:03.0,,,,,,,,,,,,,,,,,,05:09.5,,,,,,,,,,,,05:59.5,06:56.5,03:21.0,05:26.5,,05:03.5,,06:10.0,03:40.5,05:02.5,,,,,,,,,,,,,,,,,,,,,,,,,,,,,,3:08.0,7:33.5,2:54.5,,,5:08.0,3:16.0,,,,,,,,,,,,,,,6:03.0,,,,,,,6:29.0,2:56.5,,7:04.0,,7:06.5,,,,,,,,,6:25.0,2:52.0,,2:30.5,6:02.5,,3:24.5,,,,,,,4:09.5,,,,,,,,,,,,,,,,,,,,,,6:43.0,,,,,,,,,,,,,,,,,,,,,,,,,,,,5:42.0,5:31.5,3:44.0,3:34.5,,3:17.0,,,,,,,,
,,07:44.5,,06:50.5,,,,,,,,,,,,,,,,,,,,,,,05:12.5,,,,,,,,,,,,,,,,,,,,,,,,,,,,,,07:27.0,,,,,,07:37.0,06:41.5,,,,,,,,,,,,,,,,,06:01.5,,,,,,,,,,,,,,,,,,,,,,,,,,,,07:18.0,,,,,,,,,,,,,,,,,,,,,,,,,,,,,,,,,,,,,,,,,,05:23.0,04:15.0,,05:40.0,07:53.5,,03:29.5,,5:24.0,,,,,,,,,4:05.5,,,,,,,,,,,,,,,,,,05:19.5,,,,,,,,,,,,06:17.5,06:59.0,03:24.0,05:42.0,,05:13.0,,06:36.0,03:46.5,05:16.5,,,,,,,,,,,,,,,,,,,,,,,,,,,,,,3:09.5,7:56.0,2:57.0,,,5:13.0,3:18.0,,,,,,,,,,,,,,,6:23.0,,,,,,,6:36.0,3:02.0,,7:11.5,,7:21.0,,,,,,,,,6:28.5,2:59.5,,2:35.0,6:11.0,,3:27.0,,,,,,,4:26.5,,,,,,,,,,,,,,,,,,,,,,6:58.0,,,,,,,,,,,,,,,,,,,,,,,,,,,,5:48.5,5:41.0,3:56.0,3:39.0,,3:24.0,,,,,,,,
,,08:03.0,,06:54.5,,,,,,,,,,,,,,,,,,,,,,,05:21.0,,,,,,,,,,,,,,,,,,,,,,,,,,,,,,07:42.0,,,,,,07:49.5,06:46.0,,,,,,,,,,,,,,,,,06:08.0,,,,,,,,,,,,,,,,,,,,,,,,,,,,07:45.0,,,,,,,,,,,,,,,,,,,,,,,,,,,,,,,,,,,,,,,,,,05:33.0,04:36.0,,05:54.0,,,03:46.0,,5:31.0,,,,,,,,,4:17.0,,,,,,,,,,,,,,,,,,05:26.0,,,,,,,,,,,,06:33.5,07:17.5,03:27.0,05:45.5,,05:19.0,,07:05.5,03:54.0,05:23.0,,,,,,,,,,,,,,,,,,,,,,,,,,,,,,3:24.0,8:11.0,3:04.0,,,5:19.0,3:27.0,,,,,,,,,,,,,,,6:47.5,,,,,,,6:42.0,3:08.5,,7:21.0,,7:27.5,,,,,,,,,6:35.5,3:02.5,,2:43.0,6:13.0,,3:30.5,,,,,,,4:41.0,,,,,,,,,,,,,,,,,,,,,,7:09.0,,,,,,,,,,,,,,,,,,,,,,,,,,,,5:59.0,5:51.0,3:59.0,3:45.5,,3:28.0,,,,,,,,
,,,,07:08.0,,,,,,,,,,,,,,,,,,,,,,,05:29.0,,,,,,,,,,,,,,,,,,,,,,,,,,,,,,,,,,,,07:53.0,07:02.0,,,,,,,,,,,,,,,,,06:16.5,,,,,,,,,,,,,,,,,,,,,,,,,,,,07:54.0,,,,,,,,,,,,,,,,,,,,,,,,,,,,,,,,,,,,,,,,,,05:35.0,04:45.0,,05:57.0,,,03:51.5,,5:40.0,,,,,,,,,4:31.0,,,,,,,,,,,,,,,,,,05:35.0,,,,,,,,,,,,06:52.0,07:20.5,03:38.0,06:01.5,,05:37.5,,08:09.0,04:01.5,05:28.0,,,,,,,,,,,,,,,,,,,,,,,,,,,,,,3:27.0,,3:10.0,,,5:24.5,3:34.0,,,,,,,,,,,,,,,7:05.0,,,,,,,6:55.0,3:12.5,,7:32.0,,7:37.0,,,,,,,,,6:40.0,3:07.5,,2:46.0,6:24.5,,3:40.5,,,,,,,5:02.5,,,,,,,,,,,,,,,,,,,,,,7:22.0,,,,,,,,,,,,,,,,,,,,,,,,,,,,6:01.5,6:03.0,4:00.0,3:53.0,,3:45.5,,,,,,,,
,,,,07:16.0,,,,,,,,,,,,,,,,,,,,,,,05:33.5,,,,,,,,,,,,,,,,,,,,,,,,,,,,,,,,,,,,07:58.0,07:04.5,,,,,,,,,,,,,,,,,06:24.0,,,,,,,,,,,,,,,,,,,,,,,,,,,,08:04.5,,,,,,,,,,,,,,,,,,,,,,,,,,,,,,,,,,,,,,,,,,05:40.0,04:55.5,,06:10.0,,,04:01.0,,5:48.0,,,,,,,,,4:44.5,,,,,,,,,,,,,,,,,,05:42.5,,,,,,,,,,,,06:56.5,07:39.5,03:43.5,06:04.5,,05:49.0,,,04:17.0,05:31.0,,,,,,,,,,,,,,,,,,,,,,,,,,,,,,3:28.0,,3:13.0,,,5:33.0,3:40.0,,,,,,,,,,,,,,,7:11.0,,,,,,,7:59.0,3:15.5,,7:35.0,,7:45.0,,,,,,,,,6:46.5,3:09.0,,2:56.0,6:28.0,,3:43.0,,,,,,,5:05.0,,,,,,,,,,,,,,,,,,,,,,7:31.5,,,,,,,,,,,,,,,,,,,,,,,,,,,,6:06.0,6:10.5,4:07.5,3:56.0,,3:51.0,,,,,,,,
,,,,07:29.0,,,,,,,,,,,,,,,,,,,,,,,05:35.5,,,,,,,,,,,,,,,,,,,,,,,,,,,,,,,,,,,,08:03.0,07:19.0,,,,,,,,,,,,,,,,,06:29.0,,,,,,,,,,,,,,,,,,,,,,,,,,,,,,,,,,,,,,,,,,,,,,,,,,,,,,,,,,,,,,,,,,,,,,05:43.0,05:04.0,,06:17.0,,,04:05.5,,5:54.0,,,,,,,,,4:59.5,,,,,,,,,,,,,,,,,,05:46.5,,,,,,,,,,,,07:10.0,07:47.5,04:01.5,06:22.0,,05:53.5,,,04:20.0,05:45.5,,,,,,,,,,,,,,,,,,,,,,,,,,,,,,3:39.0,,3:22.0,,,5:47.5,3:40.5,,,,,,,,,,,,,,,7:30.0,,,,,,,,3:26.0,,7:39.5,,7:52.5,,,,,,,,,6:53.5,3:22.0,,2:58.5,6:41.0,,3:52.0,,,,,,,5:14.5,,,,,,,,,,,,,,,,,,,,,,7:41.0,,,,,,,,,,,,,,,,,,,,,,,,,,,,6:11.5,6:31.5,4:09.0,4:10.0,,4:00.5,,,,,,,,
,,,,07:34.0,,,,,,,,,,,,,,,,,,,,,,,05:46.5,,,,,,,,,,,,,,,,,,,,,,,,,,,,,,,,,,,,08:05.0,07:28.0,,,,,,,,,,,,,,,,,06:40.0,,,,,,,,,,,,,,,,,,,,,,,,,,,,,,,,,,,,,,,,,,,,,,,,,,,,,,,,,,,,,,,,,,,,,,05:44.0,05:17.0,,06:29.0,,,04:07.5,,5:56.5,,,,,,,,,5:13.5,,,,,,,,,,,,,,,,,,05:56.5,,,,,,,,,,,,07:30.5,08:02.5,04:10.5,06:25.0,,06:08.5,,,04:32.0,05:47.5,,,,,,,,,,,,,,,,,,,,,,,,,,,,,,3:46.5,,3:27.0,,,5:50.5,3:53.5,,,,,,,,,,,,,,,7:57.0,,,,,,,,3:31.0,,7:46.0,,,,,,,,,,,7:07.0,3:28.5,,3:05.0,6:46.0,,3:56.5,,,,,,,5:18.5,,,,,,,,,,,,,,,,,,,,,,7:57.0,,,,,,,,,,,,,,,,,,,,,,,,,,,,6:17.0,6:53.0,4:15.5,4:15.0,,4:07.5,,,,,,,,
,,,,07:35.0,,,,,,,,,,,,,,,,,,,,,,,05:47.5,,,,,,,,,,,,,,,,,,,,,,,,,,,,,,,,,,,,,07:38.5,,,,,,,,,,,,,,,,,06:44.5,,,,,,,,,,,,,,,,,,,,,,,,,,,,,,,,,,,,,,,,,,,,,,,,,,,,,,,,,,,,,,,,,,,,,,05:50.0,05:20.0,,06:33.5,,,04:23.5,,6:12.0,,,,,,,,,5:18.0,,,,,,,,,,,,,,,,,,06:00.0,,,,,,,,,,,,07:33.0,08:14.0,04:18.0,06:33.5,,06:10.5,,,04:45.5,06:02.0,,,,,,,,,,,,,,,,,,,,,,,,,,,,,,3:52.0,,3:30.0,,,6:03.0,4:01.0,,,,,,,,,,,,,,,8:03.5,,,,,,,,3:34.5,,7:49.5,,,,,,,,,,,7:11.0,3:43.5,,3:15.0,6:52.0,,3:59.0,,,,,,,5:39.5,,,,,,,,,,,,,,,,,,,,,,7:59.0,,,,,,,,,,,,,,,,,,,,,,,,,,,,6:24.0,7:14.5,4:17.5,4:19.0,,4:17.5,,,,,,,,
,,,,07:47.5,,,,,,,,,,,,,,,,,,,,,,,05:54.5,,,,,,,,,,,,,,,,,,,,,,,,,,,,,,,,,,,,,07:52.5,,,,,,,,,,,,,,,,,06:53.0,,,,,,,,,,,,,,,,,,,,,,,,,,,,,,,,,,,,,,,,,,,,,,,,,,,,,,,,,,,,,,,,,,,,,,05:54.0,05:35.0,,06:38.5,,,04:27.0,,6:17.0,,,,,,,,,5:28.0,,,,,,,,,,,,,,,,,,06:09.0,,,,,,,,,,,,07:49.0,08:19.5,04:23.0,06:43.0,,06:19.0,,,04:50.0,06:05.0,,,,,,,,,,,,,,,,,,,,,,,,,,,,,,4:05.0,,3:36.0,,,6:06.0,4:04.5,,,,,,,,,,,,,,,8:07.0,,,,,,,,3:42.5,,8:05.5,,,,,,,,,,,7:25.0,3:50.0,,3:18.5,7:04.0,,4:12.0,,,,,,,5:49.0,,,,,,,,,,,,,,,,,,,,,,,,,,,,,,,,,,,,,,,,,,,,,,,,,,6:27.0,7:20.5,4:23.5,4:21.0,,4:23.0,,,,,,,,
,,,,07:55.0,,,,,,,,,,,,,,,,,,,,,,,05:57.0,,,,,,,,,,,,,,,,,,,,,,,,,,,,,,,,,,,,,07:56.0,,,,,,,,,,,,,,,,,07:01.5,,,,,,,,,,,,,,,,,,,,,,,,,,,,,,,,,,,,,,,,,,,,,,,,,,,,,,,,,,,,,,,,,,,,,,05:55.5,05:35.0,,06:47.0,,,04:38.5,,6:21.5,,,,,,,,,5:40.5,,,,,,,,,,,,,,,,,,06:14.5,,,,,,,,,,,,08:06.0,,04:27.5,06:45.5,,06:26.0,,,05:00.0,06:20.0,,,,,,,,,,,,,,,,,,,,,,,,,,,,,,4:07.0,,3:40.0,,,6:08.0,4:12.0,,,,,,,,,,,,,,,,,,,,,,,3:50.0,,,,,,,,,,,,,7:27.5,3:55.0,,3:33.5,7:06.0,,4:16.0,,,,,,,6:03.5,,,,,,,,,,,,,,,,,,,,,,,,,,,,,,,,,,,,,,,,,,,,,,,,,,6:32.0,7:39.0,4:28.0,4:31.5,,4:33.0,,,,,,,,
,,,,07:59.5,,,,,,,,,,,,,,,,,,,,,,,06:02.0,,,,,,,,,,,,,,,,,,,,,,,,,,,,,,,,,,,,,,,,,,,,,,,,,,,,,,07:06.0,,,,,,,,,,,,,,,,,,,,,,,,,,,,,,,,,,,,,,,,,,,,,,,,,,,,,,,,,,,,,,,,,,,,,,05:57.0,05:40.0,,06:51.5,,,04:42.0,,6:29.5,,,,,,,,,5:55.0,,,,,,,,,,,,,,,,,,06:25.0,,,,,,,,,,,,,,04:36.5,07:02.5,,06:29.5,,,05:07.0,06:24.5,,,,,,,,,,,,,,,,,,,,,,,,,,,,,,4:21.5,,3:46.0,,,6:20.5,4:17.0,,,,,,,,,,,,,,,,,,,,,,,4:00.0,,,,,,,,,,,,,7:29.0,3:59.0,,3:39.5,7:11.5,,4:17.0,,,,,,,6:19.5,,,,,,,,,,,,,,,,,,,,,,,,,,,,,,,,,,,,,,,,,,,,,,,,,,6:43.5,7:59.5,4:31.0,4:34.5,,4:40.0,,,,,,,,
,,,,,,,,,,,,,,,,,,,,,,,,,,,06:14.5,,,,,,,,,,,,,,,,,,,,,,,,,,,,,,,,,,,,,,,,,,,,,,,,,,,,,,07:18.5,,,,,,,,,,,,,,,,,,,,,,,,,,,,,,,,,,,,,,,,,,,,,,,,,,,,,,,,,,,,,,,,,,,,,,05:59.5,05:50.0,,07:03.5,,,07:46.5,,6:40.0,,,,,,,,,5:57.0,,,,,,,,,,,,,,,,,,06:33.0,,,,,,,,,,,,,,04:41.0,07:05.0,,06:42.5,,,05:11.5,06:36.0,,,,,,,,,,,,,,,,,,,,,,,,,,,,,,4:25.0,,3:49.0,,,6:23.5,4:23.5,,,,,,,,,,,,,,,,,,,,,,,4:02.0,,,,,,,,,,,,,7:45.0,4:01.0,,3:50.0,7:27.0,,4:20.0,,,,,,,6:24.0,,,,,,,,,,,,,,,,,,,,,,,,,,,,,,,,,,,,,,,,,,,,,,,,,,6:47.5,,4:35.0,4:37.5,,4:51.5,,,,,,,,
,,,,,,,,,,,,,,,,,,,,,,,,,,,06:18.5,,,,,,,,,,,,,,,,,,,,,,,,,,,,,,,,,,,,,,,,,,,,,,,,,,,,,,07:20.5,,,,,,,,,,,,,,,,,,,,,,,,,,,,,,,,,,,,,,,,,,,,,,,,,,,,,,,,,,,,,,,,,,,,,,06:19.0,05:56.0,,07:09.0,,,04:58.5,,6:43.5,,,,,,,,,6:10.0,,,,,,,,,,,,,,,,,,06:35.5,,,,,,,,,,,,,,04:51.5,07:23.5,,06:46.5,,,05:14.0,06:46.5,,,,,,,,,,,,,,,,,,,,,,,,,,,,,,4:35.0,,3:58.0,,,6:27.0,4:25.5,,,,,,,,,,,,,,,,,,,,,,,4:10.0,,,,,,,,,,,,,8:04.0,4:09.0,,3:53.0,7:31.0,,4:36.0,,,,,,,6:45.0,,,,,,,,,,,,,,,,,,,,,,,,,,,,,,,,,,,,,,,,,,,,,,,,,,6:54.5,,4:40.0,4:40.5,,5:07.0,,,,,,,,
,:,,,,,,,,,,,,,,,,,,,,,,,,,,06:21.5,,,,,,,,,,,,,,,,,,,,,,,,,,,,,,,,,,,,,,,,,,,,,,,,,,,,,,07:32.0,,,,,,,,,,,,,,,,,,,,,,,,,,,,,,,,,,,,,,,,,,,,,,,,,,,,,,,,,,,,,,,,,,,,,,06:25.0,06:10.0,,07:28.0,,,05:07.5,,7:01.5,,,,,,,,,6:11.5,,,,,,,,,,,,,,,,,,06:48.0,,,,,,,,,,,,,,05:00.5,07:25.5,,06:48.5,,,05:22.0,06:51.0,,,,,,,,,,,,,,,,,,,,,,,,,,,,,,4:37.0,,4:06.0,,,6:30.5,4:29.5,,,,,,,,,,,,,,,,,,,,,,,4:13.0,,,,,,,,,,,,,8:07.0,4:17.5,,3:55.0,7:43.0,,4:41.5,,,,,,,7:09.0,,,,,,,,,,,,,,,,,,,,,,,,,,,,,,,,,,,,,,,,,,,,,,,,,,6:58,,4:41.5,4:56.5,,5:10.5,,,,,,,,
,,,,,,,,,,,,,,,,,,,,,,,,,,,06:31.5,,,,,,,,,,,,,,,,,,,,,,,,,,,,,,,,,,,,,,,,,,,,,,,,,,,,,,07:48.0,,,,,,,,,,,,,,,,,,,,,,,,,,,,,,,,,,,,,,,,,,,,,,,,,,,,,,,,,,,,,,,,,,,,,,06:40.0,06:17.5,,07:29.5,,,05:11.5,,7:03.0,,,,,,,,,6:26.0,,,,,,,,,,,,,,,,,,07:02.5,,,,,,,,,,,,,,05:03.5,07:48.5,,06:58.0,,,05:27.0,07:00.0,,,,,,,,,,,,,,,,,,,,,,,,,,,,,,4:41.0,,4:07.0,,,6:37.5,4:46.0,,,,,,,,,,,,,,,,,,,,,,,4:22.5,,,,,,,,,,,,,8:19.5,4:23.0,,3:58.0,7:47.5,,4:44.0,,,,,,,7:15.5,,,,,,,,,,,,,,,,,,,,,,,,,,,,,,,,,,,,,,,,,,,,,,,,,,7:11.5,,4:45.0,5:03.5,,5:24.5,,,,,,,,
,,,,,,,,,,,,,,,,,,,,,,,,,,,06:38.5,,,,,,,,,,,,,,,,,,,,,,,,,,,,,,,,,,,,,,,,,,,,,,,,,,,,,,07:50.0,,,,,,,,,,,,,,,,,,,,,,,,,,,,,,,,,,,,,,,,,,,,,,,,,,,,,,,,,,,,,,,,,,,,,,06:41.0,06:39.0,,07:47.0,,,05:28.0,,7:14.0,,,,,,,,,6:40.5,,,,,,,,,,,,,,,,,,07:05.0,,,,,,,,,,,,,,05:15.0,07:56.0,,07:00.0,,,05:31.0,07:06.5,,,,,,,,,,,,,,,,,,,,,,,,,,,,,,4:43.0,,4:13.0,,,6:53.0,4:50.0,,,,,,,,,,,,,,,,,,,,,,,4:25.5,,,,,,,,,,,,,,4:29.0,,4:04.5,8:00.5,,4:46.5,,,,,,,7:23.5,,,,,,,,,,,,,,,,,,,,,,,,,,,,,,,,,,,,,,,,,,,,,,,,,,7:23.0,,4:48.0,5:30.5,,5:28.0,,,,,,,,
,,,,,,,,,,,,,,,,,,,,,,,,,,,06:58.0,,,,,,,,,,,,,,,,,,,,,,,,,,,,,,,,,,,,,,,,,,,,,,,,,,,,,,08:03.5,,,,,,,,,,,,,,,,,,,,,,,,,,,,,,,,,,,,,,,,,,,,,,,,,,,,,,,,,,,,,,,,,,,,,,06:44.5,06:48.0,,07:58.0,,,05:35.5,,7:17.0,,,,,,,,,6:42.0,,,,,,,,,,,,,,,,,,07:08.5,,,,,,,,,,,,,,05:17.5,08:11.5,,07:13.5,,,05:37.5,07:12.0,,,,,,,,,,,,,,,,,,,,,,,,,,,,,,4:50.5,,4:23.0,,,6:57.5,4:53.5,,,,,,,,,,,,,,,,,,,,,,,4:40.5,,,,,,,,,,,,,,4:39.0,,4:12.0,8:18.0,,4:59.0,,,,,,,7:31.5,,,,,,,,,,,,,,,,,,,,,,,,,,,,,,,,,,,,,,,,,,,,,,,,,,7:32.5,,4:50.0,5:34.0,,5:28.5,,,,,,,,
,,,,,,,,,,,,,,,,,,,,,,,,,,,07:06.5,,,,,,,,,,,,,,,,,,,,,,,,,,,,,,,,,,,,,,,,,,,,,,,,,,,,,,,,,,,,,,,,,,,,,,,,,,,,,,,,,,,,,,,,,,,,,,,,,,,,,,,,,,,,,,,,,,,,,,,,,,,,06:47.0,06:59.0,,08:01.5,,,05:43.5,,7:22.0,,,,,,,,,6:54.0,,,,,,,,,,,,,,,,,,07:19.0,,,,,,,,,,,,,,05:19.5,08:16.0,,07:16.0,,,05:42.0,07:23.0,,,,,,,,,,,,,,,,,,,,,,,,,,,,,,4:58.0,,4:26.5,,,7:16.0,5:02.0,,,,,,,,,,,,,,,,,,,,,,,4:45.0,,,,,,,,,,,,,,4:40.5,,4:14.5,,,5:01.5,,,,,,,7:34.0,,,,,,,,,,,,,,,,,,,,,,,,,,,,,,,,,,,,,,,,,,,,,,,,,,7:35.0,,4:50.5,5:48.0,,5:40.0,,,,,,,,
,,,,,,,,,,,,,,,,,,,,,,,,,,,07:17.0,,,,,,,,,,,,,,,,,,,,,,,,,,,,,,,,,,,,,,,,,,,,,,,,,,,,,,,,,,,,,,,,,,,,,,,,,,,,,,,,,,,,,,,,,,,,,,,,,,,,,,,,,,,,,,,,,,,,,,,,,,,,06:56.0,07:14.5,,08:07.0,,,05:47.5,,7:31.0,,,,,,,,,6:57.0,,,,,,,,,,,,,,,,,,07:32.5,,,,,,,,,,,,,,05:23.0,08:33.0,,07:22.5,,,05:52.0,07:26.0,,,,,,,,,,,,,,,,,,,,,,,,,,,,,,5:07.0,,4:28.5,,,7:27.0,5:14.5,,,,,,,,,,,,,,,,,,,,,,,4:56.5,,,,,,,,,,,,,,4:48.0,,4:21.0,,,5:05.5,,,,,,,7:45.5,,,,,,,,,,,,,,,,,,,,,,,,,,,,,,,,,,,,,,,,,,,,,,,,,,7:44.5,,4:59.0,5:53.0,,5:42.5,,,,,,,,
,,,,,,,,,,,,,,,,,,,,,,,,,,,07:29.5,,,,,,,,,,,,,,,,,,,,,,,,,,,,,,,,,,,,,,,,,,,,,,,,,,,,,,,,,,,,,,,,,,,,,,,,,,,,,,,,,,,,,,,,,,,,,,,,,,,,,,,,,,,,,,,,,,,,,,,,,,,,07:05.0,07:18.0,,,,,06:06.0,,7:34.0,,,,,,,,,7:07.0,,,,,,,,,,,,,,,,,,07:38.0,,,,,,,,,,,,,,05:34.0,,,07:25.0,,,05:57.0,07:28.0,,,,,,,,,,,,,,,,,,,,,,,,,,,,,,5:10.0,,4:40.0,,,7:31.5,5:18.5,,,,,,,,,,,,,,,,,,,,,,,5:00.0,,,,,,,,,,,,,,4:55.5,,4:34.5,,,5:11.0,,,,,,,7:56.0,,,,,,,,,,,,,,,,,,,,,,,,,,,,,,,,,,,,,,,,,,,,,,,,,,7:54.5,,5:07.0,6:05.0,,5:56.0,,,,,,,,
,,,,,,,,,,,,,,,,,,,,,,,,,,,07:33.5,,,,,,,,,,,,,,,,,,,,,,,,,,,,,,,,,,,,,,,,,,,,,,,,,,,,,,,,,,,,,,,,,,,,,,,,,,,,,,,,,,,,,,,,,,,,,,,,,,,,,,,,,,,,,,,,,,,,,,,,,,,,07:14.5,07:38.5,,,,,06:09.5,,7:42.0,,,,,,,,,7:21.5,,,,,,,,,,,,,,,,,,07:41.0,,,,,,,,,,,,,,05:42.5,,,07:29.0,,,05:59.5,07:31.0,,,,,,,,,,,,,,,,,,,,,,,,,,,,,,5:13.5,,4:42.5,,,7:45.5,5:30.0,,,,,,,,,,,,,,,,,,,,,,,5:08.0,,,,,,,,,,,,,,4:58.0,,4:44.5,,,5:18.0,,,,,,,8:02.5,,,,,,,,,,,,,,,,,,,,,,,,,,,,,,,,,,,,,,,,,,,,,,,,,,8:12.5,,5:10.0,6:09.5,,6:01.0,,,,,,,,
,,,,,,,,,,,,,,,,,,,,,,,,,,,07:43.0,,,,,,,,,,,,,,,,,,,,,,,,,,,,,,,,,,,,,,,,,,,,,,,,,,,,,,,,,,,,,,,,,,,,,,,,,,,,,,,,,,,,,,,,,,,,,,,,,,,,,,,,,,,,,,,,,,,,,,,,,,,,07:40.0,07:53.5,,,,,06:24.0,,7:47.5,,,,,,,,,7:35.0,,,,,,,,,,,,,,,,,,07:54.0,,,,,,,,,,,,,,05:44.5,,,07:45.0,,,06:07.5,07:33.5,,,,,,,,,,,,,,,,,,,,,,,,,,,,,,5:18.5,,4:48.0,,,7:54.5,5:48.0,,,,,,,,,,,,,,,,,,,,,,,5:10.0,,,,,,,,,,,,,,5:08.0,,4:51.0,,,5:26.5,,,,,,,8:10.0,,,,,,,,,,,,,,,,,,,,,,,,,,,,,,,,,,,,,,,,,,,,,,,,,,,,5:12.0,6:34.5,,6:13.5,,,,,,,,
,,,,,,,,,,,,,,,,,,,,,,,,,,,07:45.5,,,,,,,,,,,,,,,,,,,,,,,,,,,,,,,,,,,,,,,,,,,,,,,,,,,,,,,,,,,,,,,,,,,,,,,,,,,,,,,,,,,,,,,,,,,,,,,,,,,,,,,,,,,,,,,,,,,,,,,,,,,,04:43.0,08:01.0,,,,,06:26.0,,7:50.0,,,,,,,,,7:50.0,,,,,,,,,,,,,,,,,,07:57.0,,,,,,,,,,,,,,05:53.5,,,08:01.0,,,06:11.0,07:48.5,,,,,,,,,,,,,,,,,,,,,,,,,,,,,,5:26.5,,5:00.0,,,8:23.5,5:59.5,,,,,,,,,,,,,,,,,,,,,,,5:13.5,,,,,,,,,,,,,,5:11.0,,4:58.5,,,5:35.0,,,,,,,8:24.0,,,,,,,,,,,,,,,,,,,,,,,,,,,,,,,,,,,,,,,,,,,,,,,,,,,,5:15.0,6:40.0,,6:17.0,,,,,,,,
,,,,,,,,,,,,,,,,,,,,,,,,,,,07:53.5,,,,,,,,,,,,,,,,,,,,,,,,,,,,,,,,,,,,,,,,,,,,,,,,,,,,,,,,,,,,,,,,,,,,,,,,,,,,,,,,,,,,,,,,,,,,,,,,,,,,,,,,,,,,,,,,,,,,,,,,,,,,07:58.5,,,,,,06:31.0,,8:05.0,,,,,,,,,8:04.5,,,,,,,,,,,,,,,,,,08:08.5,,,,,,,,,,,,,,06:07.0,,,08:11.5,,,06:23.5,07:51.5,,,,,,,,,,,,,,,,,,,,,,,,,,,,,,5:37.0,,5:07.5,,,8:32.0,6:15.5,,,,,,,,,,,,,,,,,,,,,,,5:20.5,,,,,,,,,,,,,,5:15.0,,5:01.0,,,5:40.0,,,,,,,8:38.5,,,,,,,,,,,,,,,,,,,,,,,,,,,,,,,,,,,,,,,,,,,,,,,,,,,,5:20.0,6:50.0,,6:30.5,,,,,,,,
,,,,,,,,,,,,,,,,,,,,,,,,,,,08:00.0,,,,,,,,,,,,,,,,,,,,,,,,,,,,,,,,,,,,,,,,,,,,,,,,,,,,,,,,,,,,,,,,,,,,,,,,,,,,,,,,,,,,,,,,,,,,,,,,,,,,,,,,,,,,,,,,,,,,,,,,,,,,08:04.0,,,,,,06:38.0,,8:08.5,,,,,,,,,,,,,,,,,,,,,,,,,,,08:18.0,,,,,,,,,,,,,,06:25.0,,,08:16.0,,,06:26.0,08:07.0,,,,,,,,,,,,,,,,,,,,,,,,,,,,,,5:40.0,,5:16.0,,,8:37.0,6:19.0,,,,,,,,,,,,,,,,,,,,,,,5:24.0,,,,,,,,,,,,,,5:18.5,,5:04.5,,,5:48.5,,,,,,,8:40.0,,,,,,,,,,,,,,,,,,,,,,,,,,,,,,,,,,,,,,,,,,,,,,,,,,,,5:23.0,7:06.0,,6:47.0,,,,,,,,
,,,,,,,,,,,,,,,,,,,,,,,,,,,08:02.0,,,,,,,,,,,,,,,,,,,,,,,,,,,,,,,,,,,,,,,,,,,,,,,,,,,,,,,,,,,,,,,,,,,,,,,,,,,,,,,,,,,,,,,,,,,,,,,,,,,,,,,,,,,,,,,,,,,,,,,,,,,,08:07.0,,,,,,06:48.0,,,,,,,,,,,,,,,,,,,,,,,,,,,,,,,,,,,,,,,,,,,06:29.0,,,,,,06:28.5,08:25.0,,,,,,,,,,,,,,,,,,,,,,,,,,,,,,5:45.5,,5:17.5,,,,6:21.5,,,,,,,,,,,,,,,,,,,,,,,5:31.0,,,,,,,,,,,,,,5:27.0,,5:07.5,,,5:56.0,,,,,,,,,,,,,,,,,,,,,,,,,,,,,,,,,,,,,,,,,,,,,,,,,,,,,,,,,,,5:26.5,7:28.5,,6:49.0,,,,,,,,
,,,,,,,,,,,,,,,,,,,,,,,,,,,,,,,,,,,,,,,,,,,,,,,,,,,,,,,,,,,,,,,,,,,,,,,,,,,,,,,,,,,,,,,,,,,,,,,,,,,,,,,,,,,,,,,,,,,,,,,,,,,,,,,,,,,,,,,,,,,,,,,,,,,,,,,,,,,,,07:05.0,,,,,,,,,,,,,,,,,,,,,,,,,,,,,,,,,,,,,,,,,,,06:33.5,,,,,,06:43.0,,,,,,,,,,,,,,,,,,,,,,,,,,,,,,,5:53.0,,5:20.0,,,,6:37.0,,,,,,,,,,,,,,,,,,,,,,,5:36.0,,,,,,,,,,,,,,5:30.0,,5:23.0,,,6:03.0,,,,,,,,,,,,,,,,,,,,,,,,,,,,,,,,,,,,,,,,,,,,,,,,,,,,,,,,,,,5:31.0,7:31.0,,7:04.5,,,,,,,,
,,,,,,,,,,,,,,,,,,,,,,,,,,,,,,,,,,,,,,,,,,,,,,,,,,,,,,,,,,,,,,,,,,,,,,,,,,,,,,,,,,,,,,,,,,,,,,,,,,,,,,,,,,,,,,,,,,,,,,,,,,,,,,,,,,,,,,,,,,,,,,,,,,,,,,,,,,,,,07:08.5,,,,,,,,,,,,,,,,,,,,,,,,,,,,,,,,,,,,,,,,,,,06:42.0,,,,,,06:44.5,,,,,,,,,,,,,,,,,,,,,,,,,,,,,,,5:55.5,,5:28.0,,,,6:41.0,,,,,,,,,,,,,,,,,,,,,,,5:54.0,,,,,,,,,,,,,,5:32.0,,5:30.0,,,6:11.5,,,,,,,,,,,,,,,,,,,,,,,,,,,,,,,,,,,,,,,,,,,,,,,,,,,,,,,,,,,5:38.5,7:43.0,,7:11.5,,,,,,,,
,,,,,,,,,,,,,,,,,,,,,,,,,,,,,,,,,,,,,,,,,,,,,,,,,,,,,,,,,,,,,,,,,,,,,,,,,,,,,,,,,,,,,,,,,,,,,,,,,,,,,,,,,,,,,,,,,,,,,,,,,,,,,,,,,,,,,,,,,,,,,,,,,,,,,,,,,,,,,07:13.5,,,,,,,,,,,,,,,,,,,,,,,,,,,,,,,,,,,,,,,,,,,06:46.0,,,,,,06:59.0,,,,,,,,,,,,,,,,,,,,,,,,,,,,,,,5:58.0,,5:32.0,,,,6:52.5,,,,,,,,,,,,,,,,,,,,,,,6:05.0,,,,,,,,,,,,,,5:34.0,,5:43.0,,,6:27.0,,,,,,,,,,,,,,,,,,,,,,,,,,,,,,,,,,,,,,,,,,,,,,,,,,,,,,,,,,,5:41.0,7:47.0,,7:33.5,,,,,,,,
,,,,,,,,,,,,,,,,,,,,,,,,,,,,,,,,,,,,,,,,,,,,,,,,,,,,,,,,,,,,,,,,,,,,,,,,,,,,,,,,,,,,,,,,,,,,,,,,,,,,,,,,,,,,,,,,,,,,,,,,,,,,,,,,,,,,,,,,,,,,,,,,,,,,,,,,,,,,,07:29.5,,,,,,,,,,,,,,,,,,,,,,,,,,,,,,,,,,,,,,,,,,,06:57.0,,,,,,07:01.0,,,,,,,,,,,,,,,,,,,,,,,,,,,,,,,6:09.5,,5:33.5,,,,6:56.5,,,,,,,,,,,,,,,,,,,,,,,6:07.5,,,,,,,,,,,,,,5:44.5,,4:44.5,,,6:38.0,,,,,,,,,,,,,,,,,,,,,,,,,,,,,,,,,,,,,,,,,,,,,,,,,,,,,,,,,,,5:44.0,7:56.0,,7:55.5,,,,,,,,
,,,,,,,,,,,,,,,,,,,,,,,,,,,,,,,,,,,,,,,,,,,,,,,,,,,,,,,,,,,,,,,,,,,,,,,,,,,,,,,,,,,,,,,,,,,,,,,,,,,,,,,,,,,,,,,,,,,,,,,,,,,,,,,,,,,,,,,,,,,,,,,,,,,,,,,,,,,,,07:33.0,,,,,,,,,,,,,,,,,,,,,,,,,,,,,,,,,,,,,,,,,,,06:59.5,,,,,,07:14.5,,,,,,,,,,,,,,,,,,,,,,,,,,,,,,,6:12.0,,5:40.5,,,,7:03.0,,,,,,,,,,,,,,,,,,,,,,,6:14.0,,,,,,,,,,,,,,5:47.5,,5:46.5,,,6:46.0,,,,,,,,,,,,,,,,,,,,,,,,,,,,,,,,,,,,,,,,,,,,,,,,,,,,,,,,,,,5:45.0,7:58.0,,8:02.0,,,,,,,,
,,,,,,,,,,,,,,,,,,,,,,,,,,,,,,,,,,,,,,,,,,,,,,,,,,,,,,,,,,,,,,,,,,,,,,,,,,,,,,,,,,,,,,,,,,,,,,,,,,,,,,,,,,,,,,,,,,,,,,,,,,,,,,,,,,,,,,,,,,,,,,,,,,,,,,,,,,,,,07:47.5,,,,,,,,,,,,,,,,,,,,,,,,,,,,,,,,,,,,,,,,,,,07:05.0,,,,,,07:17.0,,,,,,,,,,,,,,,,,,,,,,,,,,,,,,,6:14.5,,5:48.5,,,,7:07.5,,,,,,,,,,,,,,,,,,,,,,,6:31.5,,,,,,,,,,,,,,5:56.5,,5:56.5,,,6:54.0,,,,,,,,,,,,,,,,,,,,,,,,,,,,,,,,,,,,,,,,,,,,,,,,,,,,,,,,,,,5:47.0,,,,,,,,,,,
,,,,,,,,,,,,,,,,,,,,,,,,,,,,,,,,,,,,,,,,,,,,,,,,,,,,,,,,,,,,,,,,,,,,,,,,,,,,,,,,,,,,,,,,,,,,,,,,,,,,,,,,,,,,,,,,,,,,,,,,,,,,,,,,,,,,,,,,,,,,,,,,,,,,,,,,,,,,,07:49.5,,,,,,,,,,,,,,,,,,,,,,,,,,,,,,,,,,,,,,,,,,,07:18.5,,,,,,07:22.5,,,,,,,,,,,,,,,,,,,,,,,,,,,,,,,6:18.0,,5:51.5,,,,7:16.0,,,,,,,,,,,,,,,,,,,,,,,6:35.5,,,,,,,,,,,,,,5:59.0,,5:59.0,,,6:56.5,,,,,,,,,,,,,,,,,,,,,,,,,,,,,,,,,,,,,,,,,,,,,,,,,,,,,,,,,,,5:50.0,,,,,,,,,,,
,,,,,,,,,,,,,,,,,,,,,,,,,,,,,,,,,,,,,,,,,,,,,,,,,,,,,,,,,,,,,,,,,,,,,,,,,,,,,,,,,,,,,,,,,,,,,,,,,,,,,,,,,,,,,,,,,,,,,,,,,,,,,,,,,,,,,,,,,,,,,,,,,,,,,,,,,,,,,08:00.5,,,,,,,,,,,,,,,,,,,,,,,,,,,,,,,,,,,,,,,,,,,07:21.5,,,,,,07:30.5,,,,,,,,,,,,,,,,,,,,,,,,,,,,,,,6:20.5,,5:52.5,,,,7:22.0,,,,,,,,,,,,,,,,,,,,,,,6:55.0,,,,,,,,,,,,,,6:01.0,,6:04.5,,,7:03.0,,,,,,,,,,,,,,,,,,,,,,,,,,,,,,,,,,,,,,,,,,,,,,,,,,,,,,,,,,,5:57.5,,,,,,,,,,,
,,,,,,,,,,,,,,,,,,,,,,,,,,,,,,,,,,,,,,,,,,,,,,,,,,,,,,,,,,,,,,,,,,,,,,,,,,,,,,,,,,,,,,,,,,,,,,,,,,,,,,,,,,,,,,,,,,,,,,,,,,,,,,,,,,,,,,,,,,,,,,,,,,,,,,,,,,,,,,,,,,,,,,,,,,,,,,,,,,,,,,,,,,,,,,,,,,,,,,,,07:30.5,,,,,,07:46.0,,,,,,,,,,,,,,,,,,,,,,,,,,,,,,,6:24.0,,6:04.0,,,,7:26.0,,,,,,,,,,,,,,,,,,,,,,,7:12.5,,,,,,,,,,,,,,6:05.0,,6:12.5,,,7:18.5,,,,,,,,,,,,,,,,,,,,,,,,,,,,,,,,,,,,,,,,,,,,,,,,,,,,,,,,,,,6:00.0,,,,,,,,,,,
,,,,,,,,,,,,,,,,,,,,,,,,,,,,,,,,,,,,,,,,,,,,,,,,,,,,,,,,,,,,,,,,,,,,,,,,,,,,,,,,,,,,,,,,,,,,,,,,,,,,,,,,,,,,,,,,,,,,,,,,,,,,,,,,,,,,,,,,,,,,,,,,,,,,,,,,,,,,,,,,,,,,,,,,,,,,,,,,,,,,,,,,,,,,,,,,,,,,,,,,07:36.0,,,,,,07:50.0,,,,,,,,,,,,,,,,,,,,,,,,,,,,,,,6:32.0,,6:08.0,,,,7:31.0,,,,,,,,,,,,,,,,,,,,,,,7:22.5,,,,,,,,,,,,,,6:13.5,,6:15.0,,,7:21.0,,,,,,,,,,,,,,,,,,,,,,,,,,,,,,,,,,,,,,,,,,,,,,,,,,,,,,,,,,,6:05.5,,,,,,,,,,,
,,,,,,,,,,,,,,,,,,,,,,,,,,,,,,,,,,,,,,,,,,,,,,,,,,,,,,,,,,,,,,,,,,,,,,,,,,,,,,,,,,,,,,,,,,,,,,,,,,,,,,,,,,,,,,,,,,,,,,,,,,,,,,,,,,,,,,,,,,,,,,,,,,,,,,,,,,,,,,,,,,,,,,,,,,,,,,,,,,,,,,,,,,,,,,,,,,,,,,,,07:38.5,,,,,,08:02.5,,,,,,,,,,,,,,,,,,,,,,,,,,,,,,,6:34.0,,6:12.0,,,,7:34.0,,,,,,,,,,,,,,,,,,,,,,,7:34.0,,,,,,,,,,,,,,6:18.5,,6:18.0,,,7:36.5,,,,,,,,,,,,,,,,,,,,,,,,,,,,,,,,,,,,,,,,,,,,,,,,,,,,,,,,,,,6:14.0,,,,,,,,,,,
,,,,,,,,,,,,,,,,,,,,,,,,,,,,,,,,,,,,,,,,,,,,,,,,,,,,,,,,,,,,,,,,,,,,,,,,,,,,,,,,,,,,,,,,,,,,,,,,,,,,,,,,,,,,,,,,,,,,,,,,,,,,,,,,,,,,,,,,,,,,,,,,,,,,,,,,,,,,,,,,,,,,,,,,,,,,,,,,,,,,,,,,,,,,,,,,,,,,,,,,07:47.0,,,,,,08:07.0,,,,,,,,,,,,,,,,,,,,,,,,,,,,,,,6:37.5,,6:14.5,,,,7:41.0,,,,,,,,,,,,,,,,,,,,,,,7:38.0,,,,,,,,,,,,,,6:23.0,,6:24.5,,,7:44.0,,,,,,,,,,,,,,,,,,,,,,,,,,,,,,,,,,,,,,,,,,,,,,,,,,,,,,,,,,,6:17.5,,,,,,,,,,,
,,,,,,,,,,,,,,,,,,,,,,,,,,,,,,,,,,,,,,,,,,,,,,,,,,,,,,,,,,,,,,,,,,,,,,,,,,,,,,,,,,,,,,,,,,,,,,,,,,,,,,,,,,,,,,,,,,,,,,,,,,,,,,,,,,,,,,,,,,,,,,,,,,,,,,,,,,,,,,,,,,,,,,,,,,,,,,,,,,,,,,,,,,,,,,,,,,,,,,,,07:52.5,,,,,,08:18.0,,,,,,,,,,,,,,,,,,,,,,,,,,,,,,,6:40.0,,6:28.0,,,,7:46.5,,,,,,,,,,,,,,,,,,,,,,,7:50.0,,,,,,,,,,,,,,6:30.0,,6:30.5,,,7:57.5,,,,,,,,,,,,,,,,,,,,,,,,,,,,,,,,,,,,,,,,,,,,,,,,,,,,,,,,,,,6:21.0,,,,,,,,,,,
,,,,,,,,,,,,,,,,,,,,,,,,,,,,,,,,,,,,,,,,,,,,,,,,,,,,,,,,,,,,,,,,,,,,,,,,,,,,,,,,,,,,,,,,,,,,,,,,,,,,,,,,,,,,,,,,,,,,,,,,,,,,,,,,,,,,,,,,,,,,,,,,,,,,,,,,,,,,,,,,,,,,,,,,,,,,,,,,,,,,,,,,,,,,,,,,,,,,,,,,07:56.5,,,,,,08:19.5,,,,,,,,,,,,,,,,,,,,,,,,,,,,,,,6:46.0,,6:30.0,,,,7:54.0,,,,,,,,,,,,,,,,,,,,,,,7:53.5,,,,,,,,,,,,,,6:34.0,,6:33.0,,,7:59.0,,,,,,,,,,,,,,,,,,,,,,,,,,,,,,,,,,,,,,,,,,,,,,,,,,,,,,,,,,,6:23.0,,,,,,,,,,,
,,,,,,,,,,,,,,,,,,,,,,,,,,,,,,,,,,,,,,,,,,,,,,,,,,,,,,,,,,,,,,,,,,,,,,,,,,,,,,,,,,,,,,,,,,,,,,,,,,,,,,,,,,,,,,,,,,,,,,,,,,,,,,,,,,,,,,,,,,,,,,,,,,,,,,,,,,,,,,,,,,,,,,,,,,,,,,,,,,,,,,,,,,,,,,,,,,,,,,,,08:00.0,,,,,,,,,,,,,,,,,,,,,,,,,,,,,,,,,,,,,6:49.5,,6:40.0,,,,8:06.5,,,,,,,,,,,,,,,,,,,,,,,,,,,,,,,,,,,,,6:43.5,,6:40.0,,,8:11.0,,,,,,,,,,,,,,,,,,,,,,,,,,,,,,,,,,,,,,,,,,,,,,,,,,,,,,,,,,,6:33.0,,,,,,,,,,,
,,,,,,,,,,,,,,,,,,,,,,,,,,,,,,,,,,,,,,,,,,,,,,,,,,,,,,,,,,,,,,,,,,,,,,,,,,,,,,,,,,,,,,,,,,,,,,,,,,,,,,,,,,,,,,,,,,,,,,,,,,,,,,,,,,,,,,,,,,,,,,,,,,,,,,,,,,,,,,,,,,,,,,,,,,,,,,,,,,,,,,,,,,,,,,,,,,,,,,,,08:11.0,,,,,,,,,,,,,,,,,,,,,,,,,,,,,,,,,,,,,6:55.0,,6:51.5,,,,,,,,,,,,,,,,,,,,,,,,,,,,,,,,,,,,,,,,,6:46.0,,6:43.0,,,8:16.0,,,,,,,,,,,,,,,,,,,,,,,,,,,,,,,,,,,,,,,,,,,,,,,,,,,,,,,,,,,6:36.0,,,,,,,,,,,
,,,,,,,,,,,,,,,,,,,,,,,,,,,,,,,,,,,,,,,,,,,,,,,,,,,,,,,,,,,,,,,,,,,,,,,,,,,,,,,,,,,,,,,,,,,,,,,,,,,,,,,,,,,,,,,,,,,,,,,,,,,,,,,,,,,,,,,,,,,,,,,,,,,,,,,,,,,,,,,,,,,,,,,,,,,,,,,,,,,,,,,,,,,,,,,,,,,,,,,,08:14.0,,,,,,,,,,,,,,,,,,,,,,,,,,,,,,,,,,,,,6:58.5,,6:53.0,,,,,,,,,,,,,,,,,,,,,,,,,,,,,,,,,,,,,,,,,6:56.5,,6:53.5,,,,,,,,,,,,,,,,,,,,,,,,,,,,,,,,,,,,,,,,,,,,,,,,,,,,,,,,,,,,,,6:39.5,,,,,,,,,,,
,,,,,,,,,,,,,,,,,,,,,,,,,,,,,,,,,,,,,,,,,,,,,,,,,,,,,,,,,,,,,,,,,,,,,,,,,,,,,,,,,,,,,,,,,,,,,,,,,,,,,,,,,,,,,,,,,,,,,,,,,,,,,,,,,,,,,,,,,,,,,,,,,,,,,,,,,,,,,,,,,,,,,,,,,,,,,,,,,,,,,,,,,,,,,,,,,,,,,,,,08:20.0,,,,,,,,,,,,,,,,,,,,,,,,,,,,,,,,,,,,,7:01.0,,7:07.0,,,,,,,,,,,,,,,,,,,,,,,,,,,,,,,,,,,,,,,,,7:02.0,,6:59.5,,,,,,,,,,,,,,,,,,,,,,,,,,,,,,,,,,,,,,,,,,,,,,,,,,,,,,,,,,,,,,6:42.0,,,,,,,,,,,
,,,,,,,,,,,,,,,,,,,,,,,,,,,,,,,,,,,,,,,,,,,,,,,,,,,,,,,,,,,,,,,,,,,,,,,,,,,,,,,,,,,,,,,,,,,,,,,,,,,,,,,,,,,,,,,,,,,,,,,,,,,,,,,,,,,,,,,,,,,,,,,,,,,,,,,,,,,,,,,,,,,,,,,,,,,,,,,,,,,,,,,,,,,,,,,,,,,,,,,,08:28.0,,,,,,,,,,,,,,,,,,,,,,,,,,,,,,,,,,,,,7:05.5,,7:09.0,,,,,,,,,,,,,,,,,,,,,,,,,,,,,,,,,,,,,,,,,7:16.0,,7:02.0,,,,,,,,,,,,,,,,,,,,,,,,,,,,,,,,,,,,,,,,,,,,,,,,,,,,,,,,,,,,,,6:46.0,,,,,,,,,,,
,,,,,,,,,,,,,,,,,,,,,,,,,,,,,,,,,,,,,,,,,,,,,,,,,,,,,,,,,,,,,,,,,,,,,,,,,,,,,,,,,,,,,,,,,,,,,,,,,,,,,,,,,,,,,,,,,,,,,,,,,,,,,,,,,,,,,,,,,,,,,,,,,,,,,,,,,,,,,,,,,,,,,,,,,,,,,,,,,,,,,,,,,,,,,,,,,,,,,,,,08:30.5,,,,,,,,,,,,,,,,,,,,,,,,,,,,,,,,,,,,,7:08.0,,7:11.5,,,,,,,,,,,,,,,,,,,,,,,,,,,,,,,,,,,,,,,,,7:18.5,,7:08.0,,,,,,,,,,,,,,,,,,,,,,,,,,,,,,,,,,,,,,,,,,,,,,,,,,,,,,,,,,,,,,6:49.0,,,,,,,,,,,
,,,,,,,,,,,,,,,,,,,,,,,,,,,,,,,,,,,,,,,,,,,,,,,,,,,,,,,,,,,,,,,,,,,,,,,,,,,,,,,,,,,,,,,,,,,,,,,,,,,,,,,,,,,,,,,,,,,,,,,,,,,,,,,,,,,,,,,,,,,,,,,,,,,,,,,,,,,,,,,,,,,,,,,,,,,,,,,,,,,,,,,,,,,,,,,,,,,,,,,,,,,,,,,,,,,,,,,,,,,,,,,,,,,,,,,,,,,,,7:10.5,,7:20.5,,,,,,,,,,,,,,,,,,,,,,,,,,,,,,,,,,,,,,,,,7:31.0,,7:18.0,,,,,,,,,,,,,,,,,,,,,,,,,,,,,,,,,,,,,,,,,,,,,,,,,,,,,,,,,,,,,,6:52.0,,,,,,,,,,,
,,,,,,,,,,,,,,,,,,,,,,,,,,,,,,,,,,,,,,,,,,,,,,,,,,,,,,,,,,,,,,,,,,,,,,,,,,,,,,,,,,,,,,,,,,,,,,,,,,,,,,,,,,,,,,,,,,,,,,,,,,,,,,,,,,,,,,,,,,,,,,,,,,,,,,,,,,,,,,,,,,,,,,,,,,,,,,,,,,,,,,,,,,,,,,,,,,,,,,,,,,,,,,,,,,,,,,,,,,,,,,,,,,,,,,,,,,,,,7:16.5,,7:30.5,,,,,,,,,,,,,,,,,,,,,,,,,,,,,,,,,,,,,,,,,7:34.5,,7:21.0,,,,,,,,,,,,,,,,,,,,,,,,,,,,,,,,,,,,,,,,,,,,,,,,,,,,,,,,,,,,,,6:54.0,,,,,,,,,,,
,,,,,,,,,,,,,,,,,,,,,,,,,,,,,,,,,,,,,,,,,,,,,,,,,,,,,,,,,,,,,,,,,,,,,,,,,,,,,,,,,,,,,,,,,,,,,,,,,,,,,,,,,,,,,,,,,,,,,,,,,,,,,,,,,,,,,,,,,,,,,,,,,,,,,,,,,,,,,,,,,,,,,,,,,,,,,,,,,,,,,,,,,,,,,,,,,,,,,,,,,,,,,,,,,,,,,,,,,,,,,,,,,,,,,,,,,,,,,7:20.0,,7:33.0,,,,,,,,,,,,,,,,,,,,,,,,,,,,,,,,,,,,,,,,,7:38.5,,7:22.5,,,,,,,,,,,,,,,,,,,,,,,,,,,,,,,,,,,,,,,,,,,,,,,,,,,,,,,,,,,,,,7:01.5,,,,,,,,,,,
,,,,,,,,,,,,,,,,,,,,,,,,,,,,,,,,,,,,,,,,,,,,,,,,,,,,,,,,,,,,,,,,,,,,,,,,,,,,,,,,,,,,,,,,,,,,,,,,,,,,,,,,,,,,,,,,,,,,,,,,,,,,,,,,,,,,,,,,,,,,,,,,,,,,,,,,,,,,,,,,,,,,,,,,,,,,,,,,,,,,,,,,,,,,,,,,,,,,,,,,,,,,,,,,,,,,,,,,,,,,,,,,,,,,,,,,,,,,,7:28.5,,7:35.5,,,,,,,,,,,,,,,,,,,,,,,,,,,,,,,,,,,,,,,,,7:56.0,,7:28.5,,,,,,,,,,,,,,,,,,,,,,,,,,,,,,,,,,,,,,,,,,,,,,,,,,,,,,,,,,,,,,7:10.5,,,,,,,,,,,
,,,,,,,,,,,,,,,,,,,,,,,,,,,,,,,,,,,,,,,,,,,,,,,,,,,,,,,,,,,,,,,,,,,,,,,,,,,,,,,,,,,,,,,,,,,,,,,,,,,,,,,,,,,,,,,,,,,,,,,,,,,,,,,,,,,,,,,,,,,,,,,,,,,,,,,,,,,,,,,,,,,,,,,,,,,,,,,,,,,,,,,,,,,,,,,,,,,,,,,,,,,,,,,,,,,,,,,,,,,,,,,,,,,,,,,,,,,,,7:31.0,,7:44.0,,,,,,,,,,,,,,,,,,,,,,,,,,,,,,,,,,,,,,,,,7:59.5,,7:41.0,,,,,,,,,,,,,,,,,,,,,,,,,,,,,,,,,,,,,,,,,,,,,,,,,,,,,,,,,,,,,,7:13.0,,,,,,,,,,,
,,,,,,,,,,,,,,,,,,,,,,,,,,,,,,,,,,,,,,,,,,,,,,,,,,,,,,,,,,,,,,,,,,,,,,,,,,,,,,,,,,,,,,,,,,,,,,,,,,,,,,,,,,,,,,,,,,,,,,,,,,,,,,,,,,,,,,,,,,,,,,,,,,,,,,,,,,,,,,,,,,,,,,,,,,,,,,,,,,,,,,,,,,,,,,,,,,,,,,,,,,,,,,,,,,,,,,,,,,,,,,,,,,,,,,,,,,,,,7:51.0,,7:49.0,,,,,,,,,,,,,,,,,,,,,,,,,,,,,,,,,,,,,,,,,,,7:43.5,,,,,,,,,,,,,,,,,,,,,,,,,,,,,,,,,,,,,,,,,,,,,,,,,,,,,,,,,,,,,,7:19.5,,,,,,,,,,,
,,,,,,,,,,,,,,,,,,,,,,,,,,,,,,,,,,,,,,,,,,,,,,,,,,,,,,,,,,,,,,,,,,,,,,,,,,,,,,,,,,,,,,,,,,,,,,,,,,,,,,,,,,,,,,,,,,,,,,,,,,,,,,,,,,,,,,,,,,,,,,,,,,,,,,,,,,,,,,,,,,,,,,,,,,,,,,,,,,,,,,,,,,,,,,,,,,,,,,,,,,,,,,,,,,,,,,,,,,,,,,,,,,,,,,,,,,,,,7:54.5,,7:52.5,,,,,,,,,,,,,,,,,,,,,,,,,,,,,,,,,,,,,,,,,,,7:45.0,,,,,,,,,,,,,,,,,,,,,,,,,,,,,,,,,,,,,,,,,,,,,,,,,,,,,,,,,,,,,,7:21.0,,,,,,,,,,,
,,,,,,,,,,,,,,,,,,,,,,,,,,,,,,,,,,,,,,,,,,,,,,,,,,,,,,,,,,,,,,,,,,,,,,,,,,,,,,,,,,,,,,,,,,,,,,,,,,,,,,,,,,,,,,,,,,,,,,,,,,,,,,,,,,,,,,,,,,,,,,,,,,,,,,,,,,,,,,,,,,,,,,,,,,,,,,,,,,,,,,,,,,,,,,,,,,,,,,,,,,,,,,,,,,,,,,,,,,,,,,,,,,,,,,,,,,,,,8:05.0,,7:54.0,,,,,,,,,,,,,,,,,,,,,,,,,,,,,,,,,,,,,,,,,,,7:55.0,,,,,,,,,,,,,,,,,,,,,,,,,,,,,,,,,,,,,,,,,,,,,,,,,,,,,,,,,,,,,,7:29.0,,,,,,,,,,,
,,,,,,,,,,,,,,,,,,,,,,,,,,,,,,,,,,,,,,,,,,,,,,,,,,,,,,,,,,,,,,,,,,,,,,,,,,,,,,,,,,,,,,,,,,,,,,,,,,,,,,,,,,,,,,,,,,,,,,,,,,,,,,,,,,,,,,,,,,,,,,,,,,,,,,,,,,,,,,,,,,,,,,,,,,,,,,,,,,,,,,,,,,,,,,,,,,,,,,,,,,,,,,,,,,,,,,,,,,,,,,,,,,,,,,,,,,,,,8:09.5,,8:05.5,,,,,,,,,,,,,,,,,,,,,,,,,,,,,,,,,,,,,,,,,,,7:57.0,,,,,,,,,,,,,,,,,,,,,,,,,,,,,,,,,,,,,,,,,,,,,,,,,,,,,,,,,,,,,,7:31.5,,,,,,,,,,,
,,,,,,,,,,,,,,,,,,,,,,,,,,,,,,,,,,,,,,,,,,,,,,,,,,,,,,,,,,,,,,,,,,,,,,,,,,,,,,,,,,,,,,,,,,,,,,,,,,,,,,,,,,,,,,,,,,,,,,,,,,,,,,,,,,,,,,,,,,,,,,,,,,,,,,,,,,,,,,,,,,,,,,,,,,,,,,,,,,,,,,,,,,,,,,,,,,,,,,,,,,,,,,,,,,,,,,,,,,,,,,,,,,,,,,,,,,,,,8:14.0,,8:08.5,,,,,,,,,,,,,,,,,,,,,,,,,,,,,,,,,,,,,,,,,,,7:59.0,,,,,,,,,,,,,,,,,,,,,,,,,,,,,,,,,,,,,,,,,,,,,,,,,,,,,,,,,,,,,,7:39.5,,,,,,,,,,,
,,,,,,,,,,,,,,,,,,,,,,,,,,,,,,,,,,,,,,,,,,,,,,,,,,,,,,,,,,,,,,,,,,,,,,,,,,,,,,,,,,,,,,,,,,,,,,,,,,,,,,,,,,,,,,,,,,,,,,,,,,,,,,,,,,,,,,,,,,,,,,,,,,,,,,,,,,,,,,,,,,,,,,,,,,,,,,,,,,,,,,,,,,,,,,,,,,,,,,,,,,,,,,,,,,,,,,,,,,,,,,,,,,,,,,,,,,,,,8:26.0,,8:10.0,,,,,,,,,,,,,,,,,,,,,,,,,,,,,,,,,,,,,,,,,,,8:04.5,,,,,,,,,,,,,,,,,,,,,,,,,,,,,,,,,,,,,,,,,,,,,,,,,,,,,,,,,,,,,,7:41.0,,,,,,,,,,,
,,,,,,,,,,,,,,,,,,,,,,,,,,,,,,,,,,,,,,,,,,,,,,,,,,,,,,,,,,,,,,,,,,,,,,,,,,,,,,,,,,,,,,,,,,,,,,,,,,,,,,,,,,,,,,,,,,,,,,,,,,,,,,,,,,,,,,,,,,,,,,,,,,,,,,,,,,,,,,,,,,,,,,,,,,,,,,,,,,,,,,,,,,,,,,,,,,,,,,,,,,,,,,,,,,,,,,,,,,,,,,,,,,,,,,,,,,,,,,,8:23.0,,,,,,,,,,,,,,,,,,,,,,,,,,,,,,,,,,,,,,,,,,,8:16.0,,,,,,,,,,,,,,,,,,,,,,,,,,,,,,,,,,,,,,,,,,,,,,,,,,,,,,,,,,,,,,7:45.0,,,,,,,,,,,
,,,,,,,,,,,,,,,,,,,,,,,,,,,,,,,,,,,,,,,,,,,,,,,,,,,,,,,,,,,,,,,,,,,,,,,,,,,,,,,,,,,,,,,,,,,,,,,,,,,,,,,,,,,,,,,,,,,,,,,,,,,,,,,,,,,,,,,,,,,,,,,,,,,,,,,,,,,,,,,,,,,,,,,,,,,,,,,,,,,,,,,,,,,,,,,,,,,,,,,,,,,,,,,,,,,,,,,,,,,,,,,,,,,,,,,,,,,,,,,8:31.5,,,,,,,,,,,,,,,,,,,,,,,,,,,,,,,,,,,,,,,,,,,,,,,,,,,,,,,,,,,,,,,,,,,,,,,,,,,,,,,,,,,,,,,,,,,,,,,,,,,,,,,,,7:48.0,,,,,,,,,,,
,,,,,,,,,,,,,,,,,,,,,,,,,,,,,,,,,,,,,,,,,,,,,,,,,,,,,,,,,,,,,,,,,,,,,,,,,,,,,,,,,,,,,,,,,,,,,,,,,,,,,,,,,,,,,,,,,,,,,,,,,,,,,,,,,,,,,,,,,,,,,,,,,,,,,,,,,,,,,,,,,,,,,,,,,,,,,,,,,,,,,,,,,,,,,,,,,,,,,,,,,,,,,,,,,,,,,,,,,,,,,,,,,,,,,,,,,,,,,,,8:40.5,,,,,,,,,,,,,,,,,,,,,,,,,,,,,,,,,,,,,,,,,,,,,,,,,,,,,,,,,,,,,,,,,,,,,,,,,,,,,,,,,,,,,,,,,,,,,,,,,,,,,,,,,7:58.5,,,,,,,,,,,
,,,,,,,,,,,,,,,,,,,,,,,,,,,,,,,,,,,,,,,,,,,,,,,,,,,,,,,,,,,,,,,,,,,,,,,,,,,,,,,,,,,,,,,,,,,,,,,,,,,,,,,,,,,,,,,,,,,,,,,,,,,,,,,,,,,,,,,,,,,,,,,,,,,,,,,,,,,,,,,,,,,,,,,,,,,,,,,,,,,,,,,,,,,,,,,,,,,,,,,,,,,,,,,,,,,,,,,,,,,,,,,,,,,,,,,,,,,,,,,8:53.0,,,,,,,,,,,,,,,,,,,,,,,,,,,,,,,,,,,,,,,,,,,,,,,,,,,,,,,,,,,,,,,,,,,,,,,,,,,,,,,,,,,,,,,,,,,,,,,,,,,,,,,,,8:02.0,,,,,,,,,,,
,,,,,,,,,,,,,,,,,,,,,,,,,,,,,,,,,,,,,,,,,,,,,,,,,,,,,,,,,,,,,,,,,,,,,,,,,,,,,,,,,,,,,,,,,,,,,,,,,,,,,,,,,,,,,,,,,,,,,,,,,,,,,,,,,,,,,,,,,,,,,,,,,,,,,,,,,,,,,,,,,,,,,,,,,,,,,,,,,,,,,,,,,,,,,,,,,,,,,,,,,,,,,,,,,,,,,,,,,,,,,,,,,,,,,,,,,,,,,,,8:59.0,,,,,,,,,,,,,,,,,,,,,,,,,,,,,,,,,,,,,,,,,,,,,,,,,,,,,,,,,,,,,,,,,,,,,,,,,,,,,,,,,,,,,,,,,,,,,,,,,,,,,,,,,8:04.5,,,,,,,,,,,
,,,,,,,,,,,,,,,,,,,,,,,,,,,,,,,,,,,,,,,,,,,,,,,,,,,,,,,,,,,,,,,,,,,,,,,,,,,,,,,,,,,,,,,,,,,,,,,,,,,,,,,,,,,,,,,,,,,,,,,,,,,,,,,,,,,,,,,,,,,,,,,,,,,,,,,,,,,,,,,,,,,,,,,,,,,,,,,,,,,,,,,,,,,,,,,,,,,,,,,,,,,,,,,,,,,,,,,,,,,,,,,,,,,,,,,,,,,,,,,9:00.5,,,,,,,,,,,,,,,,,,,,,,,,,,,,,,,,,,,,,,,,,,,,,,,,,,,,,,,,,,,,,,,,,,,,,,,,,,,,,,,,,,,,,,,,,,,,,,,,,,,,,,,,,8:08.0,,,,,,,,,,,
,,,,,,,,,,,,,,,,,,,,,,,,,,,,,,,,,,,,,,,,,,,,,,,,,,,,,,,,,,,,,,,,,,,,,,,,,,,,,,,,,,,,,,,,,,,,,,,,,,,,,,,,,,,,,,,,,,,,,,,,,,,,,,,,,,,,,,,,,,,,,,,,,,,,,,,,,,,,,,,,,,,,,,,,,,,,,,,,,,,,,,,,,,,,,,,,,,,,,,,,,,,,,,,,,,,,,,,,,,,,,,,,,,,,,,,,,,,,,,,,,,,,,,,,,,,,,,,,,,,,,,,,,,,,,,,,,,,,,,,,,,,,,,,,,,,,,,,,,,,,,,,,,,,,,,,,,,,,,,,,,,,,,,,,,,,,,,,,,,,,,,,,8:11.0,,,,,,,,,,,